"Row.names","P1-01-01-arc","P1-02-01-arc","P1-03-01-arc","P1-14-01-arc","P1-15-01-arc","P1-16-01-arc","P1-18-01-arc","P1-20-01-arc","P1-21-01-arc","P1-22-01-arc","P1-23-01-arc","P1-24-01-arc","P2-01-01-arc","P2-03-01-arc","P2-06-01-arc","P2-07-01-arc","P2-08-01-arc","P2-09-01-arc","P2-10-01-arc","P2-11-01-arc","P2-12-01-arc","P2-13-01-arc","P2-14-01-arc","P2-15-01-arc","P2-16-01-arc","P2-17-01-arc","P2-18-01-arc","P2-19-01-arc","P2-20-01-arc","P2-21-01-arc","P2-22-01-arc","P2-23-01-arc","P2-24-01-arc","P3-01-01-arc","P3-02-01-arc","P3-03-01-arc","P3-07-01-arc","P3-08-01-arc","P3-09-01-arc","P3-10-01-arc","P3-11-01-arc","P3-12-01-arc","P3-13-01-arc","P3-14-01-arc","P3-15-01-arc","P3-16-01-arc","P3-17-01-arc","P3-18-01-arc","P3-19-01-arc","P3-20-01-arc","P3-21-01-arc","P3-22-01-arc","P3-23-01-arc","P3-24-01-arc","P1-01-02-arc","P1-02-02-arc","P1-03-02-arc","P1-05-02-arc","P1-06-02-arc","P1-07-02-arc","P1-08-02-arc","P1-09-02-arc","P1-10-02-arc","P1-11-02-arc","P1-12-02-arc","P1-13-02-arc","P1-14-02-arc","P1-15-02-arc","P1-16-02-arc","P1-17-02-arc","P1-18-02-arc","P1-19-02-arc","P1-20-02-arc","P1-21-02-arc","P1-22-02-arc","P1-23-02-arc","P1-24-02-arc","P2-01-02-arc","P2-02-02-arc","P2-03-02-arc","P2-05-02-arc","P2-06-02-arc","P2-07-02-arc","P2-08-02-arc","P2-09-02-arc","P2-10-02-arc","P2-11-02-arc","P2-12-02-arc","P2-13-02-arc","P2-14-02-arc","P2-15-02-arc","P2-16-02-arc","P2-17-02-arc","P2-18-02-arc","P2-19-02-arc","P2-20-02-arc","P2-21-02-arc","P2-22-02-arc","P2-23-02-arc","P2-24-02-arc","P3-01-02-arc","P3-02-02-arc","P3-03-02-arc","P3-05-02-arc","P3-06-02-arc","P3-07-02-arc","P3-08-02-arc","P3-09-02-arc","P3-10-02-arc","P3-11-02-arc","P3-12-02-arc","P3-13-02-arc","P3-14-02-arc","P3-15-02-arc","P3-16-02-arc","P3-17-02-arc","P3-18-02-arc","P3-19-02-arc","P3-20-02-arc","P3-21-02-arc","P3-22-02-arc","P3-23-02-arc","P3-24-02-arc"
"ASV195",0,0,0,0,0,0,0,0,0,0,0,0,0,0,0,0,0,0,0,0,0,0,0,0,0,0,0,0,0,0,0,0,0,0,0,0,0,0,0,0,0,0,0,0,0,0,0,0,0,0,0,0,0,0,3,0,7,2,0,0,0,0,2,0,0,6,3,0,11,1,0,3,0,1,2,0,0,0,0,0,0,0,0,0,0,0,0,0,0,0,0,0,0,0,0,0,0,3,0,0,1,0,0,0,0,0,0,0,0,0,0,0,0,0,0,0,0,2,0,0,0,0,0
"ASV197",0,0,0,0,0,0,0,0,0,0,0,0,0,0,0,0,0,0,0,0,0,0,0,0,0,0,0,0,0,0,0,0,0,0,0,0,0,0,0,0,0,0,0,0,0,0,0,0,0,0,0,0,0,0,15,3,7,6,2,19,19,11,3,5,8,7,3,13,5,5,0,11,14,6,8,6,3,4,3,0,0,1,0,0,0,0,0,0,1,0,0,0,0,0,0,7,0,0,0,0,0,0,0,0,0,0,0,0,0,0,0,0,0,0,0,0,0,0,0,0,0,0,0
"ASV198",0,0,0,0,0,0,0,0,0,0,0,0,0,0,0,0,0,0,0,0,0,0,0,0,0,0,0,0,0,0,0,0,0,0,0,0,0,0,0,0,0,0,0,0,0,0,0,0,0,0,0,0,0,0,5,14,4,8,4,15,15,3,6,15,1,5,13,2,5,0,6,3,0,3,3,8,6,8,13,16,0,4,8,10,11,8,0,21,12,2,4,0,7,0,4,10,2,1,5,3,0,9,6,1,0,12,5,13,7,4,19,6,7,4,4,8,5,1,10,2,1,2,0
"ASV200",0,0,0,0,0,0,0,0,0,0,0,0,0,0,0,0,48,0,0,0,0,0,0,0,0,0,0,0,0,0,0,0,0,0,0,0,0,0,0,0,43,0,0,0,0,0,0,0,0,0,0,0,2,0,56,35,43,59,51,135,67,23,44,62,58,108,66,63,59,54,92,62,47,43,44,48,49,44,76,100,79,69,42,58,44,62,61,42,31,49,35,39,28,259,75,75,71,47,47,41,56,72,34,26,58,44,44,64,32,59,26,55,55,94,56,63,85,50,46,91,56,30,26
"ASV205",0,0,0,0,0,0,0,0,0,0,0,0,0,0,0,0,0,0,0,0,0,0,0,0,0,0,0,0,0,0,0,0,0,0,0,0,0,0,0,0,0,0,0,0,0,0,0,0,0,0,0,0,0,0,3,2,0,0,0,3,3,0,0,0,0,0,0,0,3,0,3,2,11,4,3,0,8,0,9,4,4,0,0,0,3,0,0,0,2,5,0,0,0,16,2,0,0,7,1,10,4,0,0,0,0,1,2,3,0,0,0,0,0,0,0,3,4,0,0,1,0,2,0
"ASV210",0,0,0,0,0,0,0,0,0,0,0,0,0,0,0,6,0,0,0,0,0,0,0,0,0,0,0,0,0,0,0,0,0,0,0,0,0,0,0,0,0,0,0,0,0,0,0,0,0,0,0,0,0,0,30,39,35,30,29,41,40,19,18,33,18,83,30,38,32,11,59,74,76,36,76,28,33,15,22,27,24,26,22,10,17,4,0,14,9,14,8,18,8,590,30,16,20,20,26,17,16,18,15,14,12,11,6,12,18,13,19,8,20,48,33,37,82,25,12,18,35,11,16
"ASV214",0,0,0,0,0,0,0,0,0,0,0,0,0,0,0,0,0,0,0,0,0,0,0,0,0,0,13,0,0,0,0,0,0,0,0,0,0,0,0,0,0,0,0,0,0,0,0,0,0,0,0,0,0,0,8,11,40,13,12,32,19,39,14,17,17,13,11,20,13,12,19,15,19,8,51,27,4,8,25,18,13,9,11,10,2,3,15,4,14,9,5,11,0,3176,317,200,39,63,27,28,180,88,63,39,29,40,28,35,23,24,80,15,30,35,29,32,62,26,14,26,28,7,8
"ASV215",0,0,0,0,0,0,0,0,0,0,0,0,0,0,0,0,0,0,0,0,0,0,0,0,0,0,0,0,0,0,0,0,0,0,0,0,0,0,0,0,0,0,0,0,0,0,0,0,0,0,0,0,0,0,2,0,0,0,0,0,0,7,0,0,0,0,0,0,4,0,0,0,0,0,0,0,0,0,0,0,0,0,0,0,0,0,0,0,0,0,0,0,0,10,0,5,0,0,0,0,0,3,0,7,1,0,3,0,2,0,0,0,0,0,0,0,0,2,1,0,0,0,0
"ASV219",0,0,0,0,0,0,0,0,0,0,0,0,0,0,0,0,0,0,0,0,0,0,0,0,0,0,0,0,0,0,0,0,0,0,0,0,0,0,10,0,0,0,0,0,0,0,0,0,0,0,0,0,0,0,6,0,0,0,0,5,0,0,0,0,0,0,0,0,0,0,2,0,0,0,0,0,0,0,0,0,10,0,0,0,0,0,0,0,0,0,0,0,0,14,0,0,0,0,0,0,0,0,3,0,3,0,0,6,0,0,0,1,0,0,0,0,0,3,0,0,0,2,0
"ASV220",0,0,0,0,0,0,0,0,0,0,0,0,0,0,0,0,0,0,0,0,0,0,0,0,0,0,0,0,0,0,0,0,0,0,0,0,0,0,0,0,0,0,0,0,0,0,0,0,0,0,0,0,0,3,0,0,15,0,0,0,0,0,0,0,0,0,0,0,0,0,0,0,0,0,0,0,0,0,0,0,0,0,0,0,0,0,4,0,0,0,0,0,0,0,0,0,0,3,0,0,0,0,0,0,0,0,0,0,0,0,0,0,1,0,1,0,0,0,0,0,0,0,0
"ASV225",0,0,0,0,0,0,0,0,0,0,0,0,0,0,0,5,0,0,0,0,0,0,0,0,0,0,0,0,0,0,0,0,0,0,0,0,2,0,0,0,0,0,0,0,0,0,0,0,0,0,0,0,0,0,0,0,0,0,0,2,12,0,0,3,2,0,2,0,0,4,0,0,0,0,0,0,3,6,2,6,0,0,0,0,0,0,0,0,0,2,1,5,0,0,5,0,0,0,0,4,1,0,2,0,0,1,2,0,5,0,0,0,0,0,0,0,0,0,0,0,0,0,0
"ASV226",0,0,17,0,0,0,0,0,0,0,0,0,0,0,0,4,0,0,0,0,0,0,0,0,0,0,0,0,0,4,3,0,0,0,0,0,0,0,0,0,0,0,0,0,0,0,0,0,0,0,0,1,0,0,49,53,60,56,26,58,128,45,51,70,70,76,41,75,43,51,50,46,33,23,29,44,72,47,56,63,37,41,28,30,28,22,44,24,27,28,20,28,40,126,28,26,18,13,19,17,43,67,40,69,61,36,49,59,36,35,40,41,33,45,44,46,31,32,24,41,42,18,30
"ASV231",0,0,0,0,0,0,0,0,0,0,0,0,0,0,0,0,0,0,0,0,0,0,0,0,0,0,0,0,0,0,0,0,0,0,0,0,0,0,0,0,0,0,0,0,0,0,0,0,0,0,0,0,0,0,8,1,2,0,0,0,7,0,3,4,4,5,4,2,3,0,1,0,0,0,4,5,3,0,4,6,8,5,0,0,0,6,6,2,0,1,0,0,2,1,8,5,1,0,0,3,0,0,0,0,0,0,1,0,3,0,4,0,0,5,0,0,2,0,0,0,3,0,0
"ASV232",0,0,0,0,0,0,0,0,0,0,0,0,0,0,0,0,0,0,0,0,0,0,0,0,0,0,0,0,0,0,0,0,0,0,0,0,0,0,0,0,0,0,0,22,0,0,0,0,0,0,0,0,0,0,0,0,0,0,0,16,0,0,0,0,0,11,0,0,0,0,0,0,0,0,0,0,0,0,0,0,0,0,0,0,0,0,0,0,0,0,0,0,0,0,0,0,0,0,0,0,0,0,0,0,0,0,0,0,0,0,0,0,0,0,0,0,0,0,0,0,0,0,0
"ASV233",2,2,0,0,0,0,0,0,0,0,2,19,0,0,0,2,0,0,0,0,0,0,0,0,0,50,3,8,27,10,12,18,2,0,0,0,0,4,0,0,0,0,0,0,0,0,9,8,22,5,29,17,40,4,171,219,203,171,145,283,195,96,100,149,189,190,211,178,144,92,212,322,236,266,211,267,232,238,231,243,265,241,234,190,174,164,160,106,147,110,152,199,138,261,143,196,246,161,199,182,221,190,170,206,257,219,192,232,220,197,180,258,231,300,256,284,324,258,198,344,360,290,166
"ASV237",0,9,0,0,0,0,0,0,0,0,0,0,0,0,0,0,0,0,0,0,0,0,0,0,0,0,0,0,0,0,0,0,0,0,0,0,0,0,0,0,0,0,0,0,0,0,0,0,0,0,0,0,0,0,0,0,0,0,0,0,0,0,0,0,0,0,5,0,0,0,0,0,0,5,0,0,0,0,0,0,0,2,4,0,0,0,0,1,0,0,0,0,0,0,0,2,0,0,3,0,0,0,0,0,16,0,0,6,0,0,0,0,0,0,3,0,7,0,0,0,3,0,4
"ASV240",0,0,0,0,0,0,0,0,0,0,0,0,0,0,0,0,0,23,0,0,0,0,0,0,0,0,0,0,0,0,0,0,0,0,0,0,0,0,0,0,0,0,0,0,0,0,0,0,0,0,0,0,0,0,0,0,0,0,0,0,0,0,0,0,0,0,0,0,0,5,0,0,0,0,0,0,0,0,0,0,0,0,0,0,0,0,0,3,0,0,0,0,0,0,0,0,0,0,0,0,0,0,0,0,0,0,0,0,0,0,0,0,0,0,0,0,0,0,0,0,0,0,0
"ASV243",0,0,0,0,0,0,0,0,0,0,0,0,0,0,0,1,0,0,0,0,0,0,0,0,0,0,0,0,0,0,0,0,0,0,0,0,0,0,0,0,0,0,0,0,0,0,0,0,0,0,0,0,0,0,11,4,12,8,14,0,33,0,15,15,7,21,3,7,7,0,6,0,2,0,3,0,3,0,0,0,0,0,0,0,0,0,0,0,0,0,0,0,2,0,0,0,0,0,0,0,0,0,0,0,4,0,0,0,0,0,0,0,0,0,2,0,0,0,0,0,0,0,0
"ASV244",11,0,0,0,0,0,0,0,0,0,0,0,0,0,0,0,0,0,0,0,0,0,0,0,0,0,0,0,0,0,0,0,0,0,0,0,0,0,0,0,0,0,0,0,0,0,0,0,0,0,0,0,0,0,8,0,0,6,0,7,0,6,7,14,8,16,0,0,0,0,0,0,0,0,0,0,0,0,0,7,0,7,0,0,0,4,0,3,0,0,0,0,0,0,0,0,2,0,0,0,2,0,0,8,0,2,0,0,0,0,0,0,0,0,0,0,0,0,0,0,0,0,0
"ASV245",0,0,0,0,0,0,0,0,0,0,0,0,0,0,0,0,0,0,0,0,0,0,0,0,0,0,0,9,0,0,0,0,0,0,0,0,0,0,0,0,0,0,0,0,0,0,0,0,0,0,0,0,0,0,0,0,0,0,0,0,0,0,0,0,0,0,0,0,23,3,0,1,4,9,0,0,5,0,2,0,0,0,0,0,4,0,5,0,4,0,0,1,0,0,6,3,0,2,5,3,0,2,1,0,0,0,0,0,4,6,0,7,4,7,0,4,0,0,0,2,2,0,0
"ASV248",0,0,0,0,0,0,0,0,0,0,0,0,0,0,0,0,0,0,0,0,0,0,0,0,28,0,0,0,0,0,0,0,0,0,0,0,4,0,12,2,0,0,0,0,0,9,0,0,0,0,0,0,0,0,0,0,0,0,0,0,0,0,0,0,0,0,0,0,0,0,0,0,0,0,0,0,0,0,0,0,0,0,0,0,0,0,0,0,0,0,2,0,0,0,0,0,0,0,0,0,4,4,1,10,14,16,3,2,7,0,0,8,1,1,4,1,0,0,1,3,0,0,0
"ASV249",4,0,1,0,0,0,0,0,0,0,0,0,0,0,0,5,0,0,0,0,0,0,0,0,6,0,171,4,0,0,5,5,1,0,0,0,5,0,0,0,0,0,0,2,0,0,0,4,0,1,0,1,2,0,0,2,2,5,0,0,0,0,0,0,0,0,2,0,0,0,0,3,1,0,4,0,5,16,19,12,9,2,6,4,0,4,0,1,0,5,2,9,4,130,6,1,7,3,2,0,17,17,10,7,14,7,7,2,6,4,0,0,2,6,4,5,0,4,8,2,1,0,1
"ASV250",0,0,0,0,0,0,0,0,0,0,0,0,0,0,0,0,0,0,0,0,0,0,0,0,0,0,0,2,0,0,3,0,1,0,0,0,8,0,0,0,0,0,0,4,0,0,6,10,0,0,0,2,0,8,0,0,0,0,0,0,4,0,0,0,0,0,0,0,0,0,0,0,0,0,0,0,4,0,4,2,0,0,0,0,0,0,0,0,0,0,0,0,0,0,2,0,0,0,0,0,0,0,3,0,2,1,1,0,0,0,0,0,7,5,4,4,10,0,3,5,5,4,3
"ASV251",0,0,0,0,0,0,0,0,0,0,3,5,0,0,0,0,0,0,0,0,6,0,0,0,0,0,0,0,0,0,2,0,0,0,0,0,0,0,0,0,0,0,0,0,0,0,0,0,0,0,0,0,0,0,0,0,0,0,0,0,0,0,0,0,0,0,0,0,0,0,0,0,0,0,0,0,0,0,0,3,0,0,0,0,0,0,0,0,0,0,0,0,0,0,0,0,0,0,0,0,0,0,0,0,0,0,0,0,0,0,0,0,0,0,0,0,0,0,0,0,0,0,0
"ASV254",0,0,0,0,0,0,0,0,1,0,0,0,0,0,0,0,0,0,0,0,0,0,0,0,0,0,0,0,0,0,0,0,0,7,0,0,0,0,0,0,0,0,0,0,0,0,0,0,0,0,0,0,0,0,0,0,0,2,0,0,0,0,0,0,1,0,1,0,0,0,0,0,0,0,0,0,0,3,0,0,0,0,0,0,2,1,0,0,0,0,0,0,0,0,0,0,0,0,0,0,0,0,0,0,0,1,0,0,0,0,0,0,0,0,0,0,0,0,0,0,0,0,0
"ASV257",0,0,0,0,0,0,0,0,0,0,0,0,0,0,0,0,0,0,0,0,0,0,0,0,0,0,1,0,0,0,0,0,0,0,0,0,0,0,0,0,0,0,0,0,0,0,0,0,0,0,0,0,0,0,0,0,4,1,2,0,3,0,0,0,2,4,0,3,2,0,0,5,0,0,4,0,0,0,1,0,0,0,0,0,0,0,0,2,0,3,0,3,0,0,0,0,0,0,0,0,0,1,0,2,0,4,0,0,0,0,3,0,0,0,0,0,0,0,2,0,0,0,0
"ASV258",0,0,0,0,0,0,0,0,0,0,0,0,0,0,0,0,0,0,0,0,0,0,0,0,0,0,0,0,0,0,0,0,0,0,0,0,0,0,0,0,0,0,0,0,0,0,0,0,0,0,0,0,0,0,3,3,8,1,0,4,15,4,3,0,7,10,2,12,0,6,0,3,11,2,0,2,14,0,0,0,0,0,0,0,4,0,0,0,0,0,0,0,0,0,0,0,0,0,0,0,0,0,0,0,0,0,0,0,0,0,0,0,0,1,0,0,0,0,0,0,0,0,0
"ASV262",7,2,2,0,0,0,0,0,0,0,0,14,0,0,0,2,0,0,0,0,0,0,3,0,0,0,2,0,0,0,0,0,0,0,0,0,0,0,0,0,0,0,0,0,0,0,0,0,0,0,0,0,0,0,1,2,1,3,3,0,0,4,7,2,6,12,1,10,6,0,0,0,5,4,0,1,0,0,0,0,0,0,0,0,0,0,2,0,0,1,2,0,1,0,0,0,0,1,0,0,0,0,0,0,0,1,0,0,0,0,0,0,0,0,0,0,0,0,0,0,0,0,0
"ASV269",0,0,0,0,0,0,0,0,0,0,0,0,0,0,0,5,0,0,0,0,0,0,0,8,3,0,9,1,0,20,0,3,3,0,0,0,0,0,0,0,0,0,0,0,0,0,0,0,0,0,0,0,1,0,0,0,0,0,0,0,0,0,0,0,0,0,0,0,0,0,0,0,0,0,0,0,0,20,3,9,14,19,5,9,2,11,5,7,13,4,1,11,12,7,3,4,7,16,9,5,0,0,0,0,0,0,0,0,0,0,0,0,0,0,0,0,0,1,0,0,2,1,0
"ASV270",9,0,6,20,24,0,0,0,0,0,3,3,0,0,0,0,0,0,0,0,0,0,0,0,0,0,3,1,0,0,0,0,0,0,0,0,0,0,0,0,0,0,0,0,0,3,0,0,0,0,0,0,0,0,0,0,0,3,3,1,4,4,4,0,8,5,3,4,1,3,2,0,0,3,3,4,0,0,0,0,6,0,0,4,0,0,0,4,0,0,0,4,0,0,0,0,2,2,0,0,0,0,0,0,0,0,1,0,0,0,0,0,0,0,0,0,0,0,0,3,0,0,0
"ASV275",9,1,9,0,19,6,20,0,144,0,20,39,0,0,0,28,32,19,0,0,2,0,0,2,3,0,12,10,15,11,7,0,15,0,0,5,10,11,5,3,0,160,12,12,19,7,16,30,14,9,13,8,8,20,38,40,51,19,47,47,28,44,63,46,93,55,84,90,76,53,45,45,51,46,65,47,35,56,81,75,88,86,112,86,85,62,44,47,61,42,40,40,39,6,19,38,26,44,42,15,37,22,57,48,35,31,41,50,53,25,61,71,72,62,45,67,40,43,34,38,44,41,33
"ASV276",0,0,0,0,0,0,0,0,0,0,0,0,0,0,0,0,0,0,0,0,0,0,0,0,0,0,0,0,0,0,0,0,0,0,0,7,0,0,0,0,0,0,0,0,0,0,0,0,0,0,0,0,0,0,0,0,0,0,0,0,0,0,0,0,0,0,0,0,0,0,0,0,0,0,0,0,0,0,0,0,0,0,0,0,0,0,0,0,0,0,0,0,0,0,0,0,0,0,0,0,0,0,0,0,0,0,0,0,0,0,0,0,0,0,0,0,0,0,0,0,0,0,0
"ASV281",0,0,0,0,0,0,0,0,0,0,0,0,0,0,0,0,0,0,0,0,0,0,0,0,0,0,0,0,0,0,0,0,0,0,0,0,0,19,0,0,0,0,0,0,0,0,0,0,0,0,0,0,0,0,0,0,0,0,0,0,0,0,0,0,0,0,0,0,0,0,0,0,0,0,0,0,0,0,0,0,0,0,0,0,0,0,0,0,0,0,0,0,0,0,0,0,0,2,0,0,0,0,1,0,0,0,0,6,0,0,0,0,0,0,0,0,0,0,0,3,0,0,0
"ASV282",9,0,0,0,0,0,0,0,0,0,0,0,0,0,0,0,0,0,0,0,0,0,0,0,0,0,0,0,0,0,0,0,0,0,0,0,9,0,0,0,0,0,0,0,0,0,31,3,12,0,6,0,5,0,4,6,0,2,0,0,0,0,0,0,5,0,0,0,4,0,0,0,0,0,0,0,5,3,0,0,0,3,0,0,0,0,5,0,0,0,0,1,0,0,4,0,0,0,5,0,2,0,0,6,7,10,0,0,4,6,10,11,29,11,16,11,20,14,3,21,7,6,12
"ASV283",3,0,0,0,0,0,0,0,0,0,0,0,0,0,0,0,0,0,0,0,0,0,0,0,0,0,0,0,0,0,0,0,0,0,0,0,0,0,0,0,0,0,0,0,0,0,0,0,0,0,0,0,0,0,11,15,10,7,3,26,12,21,9,4,10,12,9,14,2,13,3,10,0,5,0,3,0,0,0,0,0,0,0,0,0,0,0,0,0,0,0,0,0,0,0,0,0,0,0,0,0,0,0,0,0,0,0,0,0,0,0,0,0,0,0,0,0,0,0,0,0,0,0
"ASV286",0,0,0,0,0,0,0,0,0,0,0,0,0,0,0,0,0,0,0,0,0,0,0,15,0,0,1,0,0,11,0,0,0,0,0,0,0,0,0,0,0,0,0,0,0,0,0,1,0,0,0,0,0,0,0,0,0,0,0,0,0,0,2,0,0,0,0,0,0,0,0,0,3,0,0,2,0,4,0,0,0,0,0,3,0,0,4,0,0,0,0,0,0,0,3,0,0,0,0,0,0,0,0,0,0,0,0,0,0,0,0,0,0,0,0,0,0,0,0,0,0,0,0
"ASV289",0,0,0,0,0,0,0,0,0,0,0,0,0,0,0,0,0,0,0,0,0,0,0,0,0,0,0,0,0,0,0,0,0,0,0,0,0,0,0,0,0,0,0,0,0,0,0,0,0,0,0,0,0,0,0,0,11,0,0,0,0,0,0,7,6,0,0,8,0,1,0,0,5,6,0,0,0,0,0,0,0,0,0,0,0,0,0,0,0,0,0,0,0,0,0,0,0,0,0,0,0,0,3,0,0,0,0,0,2,0,0,0,0,0,0,2,0,0,0,0,0,0,0
"ASV291",10,0,13,116,0,0,5,0,0,0,6,10,0,0,0,0,0,0,0,0,0,0,0,7,0,0,0,0,0,0,1,9,1,0,0,0,0,0,0,0,0,0,0,0,0,0,0,0,0,0,0,0,0,0,17,19,0,9,14,8,0,38,10,27,17,8,4,26,12,31,4,6,25,11,19,6,6,15,8,5,12,0,0,4,0,0,6,0,0,3,5,5,2,4,12,3,5,8,8,1,0,2,0,0,0,0,0,0,0,0,0,0,0,0,0,0,0,0,0,0,0,0,2
"ASV292",0,0,0,14,0,0,0,0,0,0,0,0,0,0,0,0,0,0,0,0,0,0,0,0,0,0,0,0,0,0,0,0,0,0,0,0,0,0,0,0,0,0,0,0,0,0,0,0,0,0,0,0,0,0,0,0,0,0,0,0,0,0,0,0,0,0,0,0,0,0,0,0,0,0,0,0,0,0,0,0,0,0,0,0,0,0,0,0,0,0,0,0,0,0,0,0,0,0,0,0,0,0,0,0,0,0,0,0,0,0,0,0,0,0,0,0,0,0,0,0,0,0,0
"ASV297",0,0,0,0,0,0,0,0,0,0,0,0,0,0,0,0,0,0,0,0,0,0,0,0,0,0,0,0,0,0,0,0,0,0,0,0,0,0,0,0,0,0,0,0,0,0,0,0,0,0,0,0,0,0,0,0,0,0,0,0,0,0,0,0,0,0,0,0,0,0,0,0,0,0,2,0,0,3,3,0,0,5,0,6,3,3,3,14,15,9,8,7,17,0,1,4,2,0,4,0,0,0,0,0,0,0,0,0,0,0,0,0,0,0,0,0,0,0,0,0,0,0,0
"ASV298",0,0,0,0,0,0,0,0,0,0,0,0,0,0,0,0,0,0,0,0,0,0,0,0,0,0,0,0,0,0,0,0,0,0,0,0,0,0,0,0,0,0,0,0,0,0,0,0,0,0,0,0,0,0,13,38,30,12,20,36,32,21,32,33,19,26,46,29,22,8,33,24,17,11,20,27,26,13,21,36,17,15,16,19,18,7,25,11,7,4,9,7,7,2,6,3,15,3,7,2,10,6,5,12,5,7,8,10,0,9,13,16,10,14,7,11,15,8,1,16,4,11,9
"ASV301",0,0,0,0,0,0,0,0,0,0,0,0,0,0,0,0,0,0,0,0,0,0,0,0,0,0,0,0,0,0,0,0,0,0,0,0,0,0,0,0,0,0,0,0,0,0,0,0,0,0,0,0,0,0,6,2,1,1,0,0,0,0,0,0,7,0,4,4,2,0,0,0,0,0,0,0,0,0,0,2,0,2,0,0,0,0,0,0,1,0,0,1,0,0,0,0,0,0,0,0,0,0,0,0,2,0,0,0,0,0,0,0,0,5,1,0,8,0,2,4,5,4,3
"ASV304",0,0,0,0,15,0,0,0,0,0,0,0,0,0,0,0,0,0,0,0,0,0,0,0,0,0,0,0,0,0,0,0,0,0,0,0,0,0,0,0,0,0,0,0,0,0,0,0,0,0,0,0,0,0,5,0,0,0,0,5,2,0,0,0,0,0,0,0,0,2,0,3,0,0,2,2,0,0,0,0,0,0,0,0,1,0,0,0,0,0,0,0,0,0,0,0,0,0,0,0,0,0,0,0,0,0,0,0,0,0,0,0,0,0,0,0,0,0,0,0,0,0,0
"ASV306",0,0,0,0,0,0,0,0,0,0,0,0,0,0,0,0,0,0,0,0,0,0,0,0,0,0,0,0,0,0,0,0,0,0,0,0,0,0,0,19,0,0,0,0,0,0,0,0,0,0,0,0,0,0,0,0,0,0,0,0,0,0,0,0,0,0,0,0,0,0,0,0,0,0,0,0,0,0,0,0,0,0,0,0,0,0,0,0,0,0,0,0,0,0,0,0,0,0,0,0,0,0,0,0,0,0,0,0,0,0,0,0,0,0,0,0,0,0,0,0,0,0,0
"ASV307",0,0,0,0,0,0,0,0,0,0,0,1,0,0,0,0,0,0,0,0,0,0,0,0,0,0,0,0,0,0,0,0,0,0,0,0,0,0,0,0,0,0,0,0,0,0,0,0,0,0,0,0,0,0,2,3,1,0,4,6,4,0,6,3,3,6,8,7,4,1,5,0,8,5,3,7,6,2,0,0,0,0,0,0,0,0,0,0,0,0,0,0,0,0,0,3,0,0,0,2,0,0,0,0,0,0,0,0,0,0,0,0,0,0,0,0,0,0,0,0,0,0,0
"ASV309",21,11,0,0,0,24,42,0,1,0,6,0,0,0,0,0,0,0,0,0,0,0,0,0,0,0,0,0,0,0,0,0,0,0,0,0,0,0,0,0,0,0,0,0,0,0,0,0,0,0,0,0,0,0,61,40,34,63,60,85,55,35,70,22,51,93,30,45,54,33,31,36,30,18,32,33,28,0,0,0,0,0,0,0,0,0,0,0,0,0,0,2,0,0,0,0,0,1,0,0,0,1,0,0,0,1,4,0,0,0,8,0,3,0,6,5,0,0,5,0,3,0,0
"ASV318",0,0,0,0,0,0,0,0,0,0,0,0,0,0,0,0,0,0,0,0,0,0,0,0,0,0,0,0,0,0,0,0,0,0,0,0,0,0,0,0,0,0,0,0,0,0,0,0,0,0,0,0,0,9,4,3,7,5,2,0,6,0,5,3,3,6,7,8,0,3,3,3,0,2,0,7,3,6,0,0,2,6,1,5,1,0,0,2,0,0,0,0,0,3,1,0,5,0,2,0,0,0,0,0,1,1,0,0,0,7,0,5,4,0,0,0,0,0,0,0,0,0,3
"ASV333",0,0,0,0,0,0,0,0,0,0,0,0,0,0,0,0,0,0,0,0,0,0,0,0,0,0,0,0,25,0,0,0,0,0,0,0,0,0,0,0,0,0,0,0,0,0,0,0,0,0,0,0,0,0,2,0,0,6,3,0,0,0,1,0,0,0,0,0,2,0,0,1,0,0,2,0,1,0,2,0,0,3,0,0,0,1,1,0,0,0,0,0,0,0,0,0,0,0,4,0,0,0,0,0,2,0,5,0,0,0,2,0,0,0,0,0,0,3,0,0,0,0,0
"ASV334",0,0,0,0,0,0,0,0,0,0,0,0,0,0,0,0,0,0,0,0,0,0,0,0,0,0,6,0,0,0,0,0,0,0,0,0,0,0,0,0,0,0,0,0,0,4,3,0,0,0,0,0,0,0,0,0,0,0,0,0,1,0,0,0,0,0,0,0,0,0,0,0,0,0,0,2,0,0,0,0,0,0,0,0,4,0,0,3,2,0,3,0,0,5,2,4,0,0,0,0,2,4,2,0,0,0,2,2,1,0,3,0,0,1,0,0,0,0,0,0,0,0,0
"ASV342",0,0,0,0,0,0,29,0,0,0,2,0,0,0,0,0,0,0,0,0,0,0,0,0,0,0,0,0,0,0,0,0,0,0,0,0,0,0,0,0,0,0,0,0,0,0,0,0,0,0,0,0,0,0,0,0,0,5,0,0,0,10,0,0,0,0,0,4,0,0,0,0,0,0,0,0,0,0,1,0,0,0,0,0,6,0,5,0,0,0,0,7,0,0,0,0,0,0,0,0,0,0,0,0,0,0,0,3,0,0,0,0,0,0,0,0,0,0,0,0,0,0,0
"ASV343",11,20,26,0,0,0,0,0,0,0,0,4,0,0,0,0,0,0,0,0,0,0,0,8,0,0,5,0,0,12,18,0,4,0,0,0,0,0,0,0,0,0,0,0,0,0,0,0,0,0,4,4,2,15,21,42,17,7,32,14,20,22,26,9,18,16,19,20,43,17,12,9,15,21,24,8,26,15,12,31,14,25,11,13,5,22,9,11,11,8,20,7,16,15,6,14,9,4,5,11,5,16,6,7,15,14,7,0,4,0,0,7,2,0,6,10,5,14,15,6,0,14,10
"ASV345",0,0,0,0,0,0,0,0,0,0,0,0,0,0,0,0,0,0,0,0,0,0,0,0,0,0,0,0,0,0,0,0,0,0,0,0,0,0,0,0,0,0,0,0,0,0,0,0,0,0,0,0,0,0,0,0,0,0,0,0,0,0,6,0,0,0,0,0,0,0,0,0,0,0,0,0,0,0,0,0,0,0,0,0,0,0,0,0,0,0,0,0,0,0,0,0,0,0,0,0,0,0,0,0,0,4,2,0,4,0,0,0,2,3,0,0,0,0,1,0,0,6,0
"ASV347",0,0,0,0,0,0,0,0,0,0,0,0,0,0,0,0,0,0,0,0,0,0,0,0,0,0,0,0,0,0,0,0,0,0,0,0,0,0,0,15,0,0,0,0,0,0,0,0,0,0,0,0,0,0,0,0,0,0,0,0,0,0,0,0,0,0,0,0,0,0,0,0,0,0,0,0,0,0,0,0,0,0,0,0,0,0,0,0,0,0,0,0,0,0,0,0,0,0,0,0,0,0,0,4,0,0,0,0,1,0,0,0,0,0,0,0,0,0,2,0,0,0,0
"ASV348",0,0,0,0,0,0,0,0,0,0,0,0,0,0,0,1,0,0,0,0,0,0,0,0,0,0,0,0,0,0,0,0,0,0,0,0,0,0,7,0,0,0,0,0,0,0,0,2,0,0,0,0,1,0,0,0,0,0,0,0,8,7,0,6,8,0,0,3,0,6,0,8,0,0,4,8,0,32,4,14,8,12,10,28,21,9,16,18,12,15,6,8,0,0,8,10,9,19,2,0,10,0,0,4,0,2,1,6,5,7,25,10,6,5,0,1,0,8,14,6,5,4,2
"ASV353",4,0,0,0,0,0,0,0,0,0,0,0,0,0,0,0,0,0,0,0,0,0,0,0,0,0,0,0,0,0,0,0,0,0,0,0,0,0,0,0,0,0,0,0,0,0,0,0,0,0,6,0,0,0,0,3,0,0,0,2,0,5,0,7,0,0,0,0,0,1,0,0,3,4,0,0,0,0,0,0,0,0,0,0,0,0,0,0,0,0,0,0,0,0,0,0,0,0,0,0,0,0,0,0,0,0,0,0,0,0,0,0,0,0,0,0,0,0,0,0,2,0,1
"ASV357",0,0,0,0,0,0,0,0,0,0,0,8,0,0,0,0,0,0,0,0,15,0,0,0,0,0,6,0,0,0,0,0,0,0,0,0,0,0,0,0,0,0,0,0,0,0,0,0,0,0,0,0,0,0,6,0,0,0,0,0,5,0,5,0,6,0,3,5,3,4,3,0,0,0,1,0,0,7,7,11,9,5,0,15,3,0,6,0,0,0,9,2,0,0,8,0,9,2,0,11,0,0,0,0,0,2,0,0,0,0,0,0,0,0,0,0,0,0,0,0,0,0,0
"ASV358",0,0,0,0,0,0,0,0,0,0,0,0,0,0,0,0,0,0,0,0,0,0,0,0,0,0,3,0,0,0,0,0,0,0,0,0,0,0,0,0,0,0,0,0,0,0,0,0,0,0,0,0,0,3,0,0,0,0,0,0,0,0,2,0,1,0,0,0,0,0,0,0,0,3,0,3,0,0,0,0,2,0,0,0,0,0,10,2,0,0,0,0,0,0,0,0,0,0,0,0,0,0,3,0,0,3,0,0,0,0,0,0,0,0,0,0,4,0,0,0,0,0,0
"ASV363",0,0,0,0,13,0,0,0,0,0,0,0,0,0,0,0,0,0,0,0,0,0,0,0,0,0,0,0,0,0,0,0,0,0,0,0,0,0,0,0,46,0,0,0,0,0,0,0,0,0,0,0,0,0,0,0,0,0,0,0,0,0,0,0,0,0,0,0,0,0,0,0,0,0,0,0,0,0,0,0,0,0,0,0,0,0,0,0,0,0,0,0,0,0,0,0,0,0,0,0,0,0,0,0,0,0,0,0,0,0,0,0,0,0,0,0,0,0,0,0,0,0,0
"ASV366",0,0,0,0,0,0,0,0,0,0,0,0,0,0,0,0,13,0,0,0,0,0,0,0,0,0,0,0,0,0,0,0,0,0,0,0,0,0,0,0,0,0,0,0,0,0,0,0,0,0,0,0,0,0,0,0,0,0,0,0,0,0,0,0,0,0,0,0,0,0,0,0,0,0,0,0,0,0,0,0,0,0,0,0,0,0,0,0,0,0,0,0,0,0,0,0,0,0,0,0,0,0,0,0,0,0,0,0,0,0,0,0,0,0,0,0,0,0,0,0,0,0,0
"ASV367",0,0,0,0,0,0,0,0,0,0,0,0,0,0,0,0,12,0,0,0,0,0,0,0,0,0,0,0,0,0,0,0,0,0,0,0,0,0,0,0,0,0,0,0,0,0,0,0,0,0,0,0,0,0,0,0,0,0,0,0,0,0,0,0,0,0,0,0,0,0,0,0,0,0,0,0,0,0,0,0,0,0,0,0,0,0,0,0,0,0,0,0,0,0,0,0,0,0,0,0,0,0,0,0,0,0,0,0,0,0,0,0,0,0,0,0,0,0,0,0,0,0,0
"ASV368",0,0,0,0,0,0,0,0,0,0,0,0,0,0,0,0,0,0,0,84,0,0,0,0,0,0,0,0,0,0,0,0,0,0,0,0,0,0,0,0,0,0,0,0,0,0,0,0,0,0,0,0,0,0,0,0,0,0,0,0,0,0,0,0,0,0,0,0,0,0,0,0,0,0,0,0,0,0,0,0,0,0,0,0,0,0,0,0,0,0,0,0,0,0,0,0,0,0,0,0,0,0,0,0,0,0,0,0,0,0,0,0,0,0,0,0,0,0,0,0,0,0,0
"ASV369",387,290,334,395,560,238,558,698,204,0,295,215,0,0,0,112,108,173,0,195,146,0,165,89,195,0,145,40,19,65,80,94,80,0,56,14,68,19,53,0,93,0,107,131,49,75,166,194,92,65,115,67,187,133,715,909,610,407,368,302,314,465,540,556,564,972,895,1511,1180,1245,1644,1626,1663,1299,994,997,906,703,686,787,721,610,477,431,392,357,472,455,432,469,343,459,315,176,256,452,658,292,356,577,295,268,318,381,337,265,279,291,308,311,303,439,420,385,331,491,621,577,375,540,586,606,504
"ASV370",0,0,0,0,0,0,0,0,0,0,0,0,0,0,0,0,0,0,0,0,13,0,0,0,0,0,0,0,0,0,0,0,0,0,0,0,0,0,0,0,0,0,0,0,0,0,0,0,0,0,0,0,0,0,10,3,0,3,0,6,4,7,2,0,7,3,0,0,0,0,8,5,10,0,2,3,0,0,1,0,0,0,0,0,0,1,0,0,0,3,3,0,0,0,1,1,0,0,0,0,0,0,0,0,0,0,0,0,0,0,0,0,0,0,0,0,0,0,0,0,0,0,0
"ASV375",0,0,0,0,0,0,0,0,0,0,0,0,0,0,0,0,0,0,0,0,0,0,0,0,0,0,0,0,0,0,0,0,0,0,0,0,0,0,0,0,0,0,0,0,0,0,0,0,0,0,0,0,0,0,1,0,6,3,1,5,0,4,2,8,0,17,0,0,0,0,0,1,4,0,7,0,1,0,0,0,0,0,0,0,5,0,0,0,0,0,2,0,0,5,0,0,0,0,0,0,0,0,0,0,0,0,0,0,0,0,0,0,0,0,0,0,0,0,0,0,0,0,0
"ASV378",0,0,6,0,0,0,0,0,0,0,0,10,0,0,0,0,0,0,0,0,0,0,0,0,0,0,18,0,0,1,4,0,4,0,0,0,0,0,0,8,0,0,0,0,0,0,0,0,2,0,0,0,0,0,0,5,3,4,7,0,15,0,0,3,11,9,4,6,5,1,0,3,0,3,0,7,9,14,4,4,0,4,9,10,14,8,3,1,5,2,8,0,4,5,2,0,1,4,7,0,3,3,0,0,2,1,2,0,2,0,1,0,0,6,1,5,3,0,4,0,2,2,5
"ASV380",1,10,0,77,0,0,0,0,0,0,0,0,0,0,0,0,0,0,0,0,0,0,0,0,0,0,2,0,0,0,0,0,0,0,0,0,0,0,0,0,0,0,0,0,0,0,0,0,0,0,0,0,0,0,3,4,3,0,0,0,0,3,4,0,2,6,4,3,6,1,0,0,0,0,4,0,0,3,0,0,0,0,0,0,0,0,3,0,0,0,0,0,0,0,0,0,0,0,0,3,0,1,0,0,0,0,0,0,0,0,0,0,0,0,0,0,0,3,0,0,0,0,0
"ASV390",0,5,4,0,17,68,83,394,0,0,18,87,793,962,1280,633,616,597,810,749,1055,581,1028,1056,824,1051,387,1115,927,1021,941,1033,1115,401,1446,755,695,764,706,987,790,1000,1149,1008,1010,940,504,642,674,630,548,656,391,700,5,25,5,17,25,18,24,25,25,20,24,36,20,40,59,40,51,31,33,41,26,60,68,1831,2075,1710,2288,2642,3484,3120,3179,3456,3309,3304,3614,3797,4153,3467,4202,677,4591,3883,3219,4413,3992,3787,1629,2532,2346,2147,2035,2492,2924,2761,3143,2958,1931,2664,2776,2476,2992,2519,2246,2603,3248,1781,2335,2517,3151
"ASV391",0,0,0,0,0,0,0,0,0,0,0,0,0,0,0,0,0,0,0,0,0,0,0,0,0,0,0,0,0,0,0,0,0,0,0,0,0,8,0,0,0,0,0,0,0,0,0,0,0,0,0,0,0,0,0,0,0,0,0,0,0,0,0,0,0,0,0,0,0,0,0,0,0,0,0,0,0,0,0,0,0,0,0,0,0,0,0,0,0,0,0,0,0,0,0,0,0,0,0,0,0,0,0,0,0,0,0,0,0,0,0,0,0,0,0,0,0,0,0,0,0,0,0
"ASV394",0,0,0,0,0,0,0,0,0,0,0,0,0,0,0,0,15,0,0,0,0,0,0,0,0,0,0,0,0,0,0,0,0,0,0,0,0,0,0,0,0,0,0,0,0,0,0,0,0,0,0,0,0,0,0,0,0,0,0,0,0,0,0,0,0,0,0,0,0,0,0,0,0,0,0,0,0,0,0,0,0,0,0,0,0,0,0,0,0,0,0,0,0,0,0,0,0,0,0,0,0,0,0,0,0,0,0,0,0,0,0,0,0,0,0,0,0,0,0,0,0,0,0
"ASV396",0,0,0,0,0,0,0,0,0,0,0,0,0,38,0,0,0,0,0,0,0,0,0,0,0,0,0,0,0,0,0,0,0,0,0,0,0,0,0,0,0,0,0,0,0,0,0,0,0,0,0,0,0,0,0,0,0,0,0,0,0,0,0,0,0,0,0,0,0,0,0,0,0,0,0,0,0,0,0,0,0,0,0,0,0,0,0,0,0,0,0,0,0,0,0,0,0,0,0,0,0,0,0,0,0,0,0,0,0,0,0,0,0,0,0,0,0,0,0,0,0,0,0
"ASV397",0,0,0,0,0,0,0,0,0,0,0,0,0,0,0,0,0,0,0,0,0,0,0,0,0,0,0,0,0,0,0,0,0,0,0,0,0,0,0,17,0,0,0,0,0,0,0,0,0,0,0,0,0,0,0,0,0,0,0,0,0,0,0,0,0,0,0,0,0,0,0,0,0,0,0,0,0,0,0,0,0,0,0,0,0,0,0,0,0,0,0,0,0,0,0,0,0,0,0,0,0,0,0,0,0,0,0,0,0,0,0,0,0,0,0,0,0,0,0,0,0,0,0
"ASV400",0,0,0,0,0,0,0,0,0,0,0,0,0,0,0,0,0,0,0,0,0,0,0,0,0,0,0,0,0,0,0,0,0,0,0,20,0,0,0,0,0,0,0,0,0,0,0,0,0,0,0,0,0,0,0,0,0,0,0,0,0,0,0,0,0,0,0,0,0,0,0,0,0,0,0,0,0,0,0,0,0,0,0,0,0,0,0,0,0,0,0,0,0,0,0,0,0,0,0,0,0,0,0,0,0,0,0,0,0,0,0,0,0,0,0,0,0,0,0,0,0,0,0
"ASV402",0,0,0,0,0,0,0,0,0,0,0,0,0,0,0,0,0,0,0,0,0,0,0,0,0,0,0,0,0,0,0,0,0,0,0,0,0,0,0,0,0,0,0,0,13,0,0,0,0,0,0,0,0,0,0,0,0,0,0,0,0,0,0,0,0,0,0,0,0,0,0,0,0,0,0,0,0,0,0,0,0,0,0,0,0,0,0,0,0,0,0,0,0,0,0,0,0,0,0,0,0,0,0,0,0,0,0,0,0,0,0,0,0,0,0,0,0,0,0,0,0,0,0
"ASV403",0,0,0,0,0,0,0,0,0,0,0,0,0,0,0,0,0,0,0,0,0,0,0,0,0,0,0,0,0,0,0,0,0,0,0,0,0,0,0,0,9,0,0,0,0,0,0,0,0,0,0,0,0,0,0,0,0,0,0,0,0,0,0,0,0,0,0,0,0,0,0,0,0,0,0,0,0,0,0,0,0,0,0,0,0,0,0,0,0,0,0,0,0,0,0,0,0,0,0,0,0,0,0,0,0,0,0,0,0,0,0,0,0,0,0,0,0,0,0,0,0,0,0
"ASV404",0,0,0,0,0,0,0,0,0,0,0,0,0,0,0,0,0,0,0,0,0,0,0,0,0,0,0,0,0,0,0,0,0,0,0,12,0,0,0,0,0,0,0,0,0,0,0,0,0,0,0,0,0,0,0,0,0,0,0,0,0,0,0,0,0,0,0,0,0,0,0,0,0,0,0,0,0,0,0,0,0,0,0,0,0,0,0,0,0,0,0,0,0,0,0,0,0,0,0,0,0,0,0,0,0,0,0,0,0,0,0,0,0,0,0,0,0,0,0,0,0,0,0
"ASV405",0,0,0,0,0,0,0,0,0,0,0,0,0,0,0,0,0,0,0,0,0,0,0,0,0,0,0,0,0,0,0,0,0,0,0,32,0,0,0,0,0,0,0,0,0,0,0,0,0,0,0,0,0,0,0,0,0,0,0,0,0,0,0,0,0,0,0,0,0,0,0,0,0,0,0,0,0,0,0,0,0,0,0,0,0,0,0,0,0,0,0,0,0,0,0,0,0,0,0,0,0,0,0,0,0,0,0,0,0,0,0,0,0,0,0,0,0,0,0,0,0,0,0
"ASV407",0,0,0,0,0,0,0,0,0,0,0,0,0,0,0,0,0,0,0,0,0,0,0,0,0,0,0,0,0,0,0,0,0,0,0,16,0,0,0,0,0,0,0,0,15,0,0,0,0,0,0,0,0,0,0,0,0,0,0,0,0,0,0,0,0,0,0,0,0,0,0,0,0,0,0,0,0,0,0,0,0,0,0,0,0,0,0,0,0,0,0,0,0,0,0,0,0,0,0,0,0,0,0,0,0,0,0,0,0,0,0,0,0,0,0,0,0,0,0,0,0,0,0
"ASV408",0,0,0,0,0,0,0,0,0,0,0,0,0,0,0,0,0,0,142,0,0,0,0,0,0,0,0,0,0,0,0,0,0,0,0,0,0,0,0,0,0,0,0,0,0,0,0,0,0,0,0,0,0,0,0,0,0,0,0,0,0,0,0,0,0,0,0,0,0,0,0,0,0,0,0,0,0,0,0,0,0,0,0,0,0,0,0,0,0,0,0,0,0,0,0,0,0,0,0,0,0,0,0,0,0,0,0,0,0,0,0,0,0,0,0,0,0,0,0,0,0,0,0
"ASV409",0,0,0,0,0,0,0,0,0,0,0,0,0,0,0,0,0,0,51,0,0,0,0,0,0,0,0,0,0,0,0,0,0,0,0,0,0,0,0,0,0,0,0,0,0,0,0,0,0,0,0,0,0,0,0,0,0,0,0,0,0,0,0,0,0,0,0,0,0,0,0,0,0,0,0,0,0,0,0,0,0,0,0,0,0,0,0,0,0,0,0,0,0,0,0,0,0,0,0,0,0,0,0,0,0,0,0,0,0,0,0,0,0,0,0,0,0,0,0,0,0,0,0
"ASV410",0,0,0,0,0,0,0,0,0,0,0,0,0,0,0,0,0,0,0,0,0,0,0,0,0,0,0,0,0,0,0,0,0,0,0,0,0,0,0,15,0,0,0,0,0,0,0,0,0,0,0,0,0,0,0,0,0,0,0,0,0,0,0,0,0,0,0,0,0,0,0,0,0,0,0,0,0,0,0,0,0,0,0,0,0,0,0,0,0,0,0,0,0,0,0,0,0,0,0,0,0,0,0,0,0,0,0,0,0,0,0,0,0,0,0,0,0,0,0,0,0,0,0
"ASV417",0,0,0,0,0,0,0,0,0,0,7,0,0,0,0,0,0,0,0,0,0,0,0,0,0,0,8,0,0,0,0,0,0,0,0,0,0,0,0,0,0,0,0,0,0,0,0,0,0,0,0,0,0,0,0,0,0,6,0,0,0,0,4,0,3,0,0,0,5,0,5,0,0,0,0,0,0,3,0,0,6,0,0,4,5,0,1,7,0,0,0,3,0,4,0,0,0,0,6,0,3,0,0,0,0,0,6,0,1,0,0,1,5,1,0,0,0,0,0,0,0,0,2
"ASV420",5,0,1,0,0,0,0,0,0,0,0,0,0,0,0,2,0,0,0,105,0,0,0,4,1,3,41,9,2,0,4,3,3,0,0,29,5,0,6,2,0,0,0,8,13,7,18,22,3,19,16,11,4,2,11,16,10,5,9,0,4,5,1,4,0,1,0,0,0,0,3,3,0,2,5,0,6,16,22,9,7,4,4,7,6,11,9,0,8,11,11,9,9,52,23,11,4,12,13,4,22,22,24,26,18,27,17,9,8,17,16,14,9,12,15,29,48,12,24,9,17,9,13
"ASV421",0,0,0,0,0,0,0,0,0,0,0,0,0,0,0,0,0,0,0,12,0,0,0,0,0,0,0,0,0,0,0,0,0,0,0,1,0,0,0,0,0,0,0,0,0,0,0,0,0,0,0,0,0,0,0,0,0,0,0,0,0,0,0,0,0,0,0,0,0,0,0,0,0,0,0,0,0,0,0,0,0,0,0,0,0,0,0,0,0,0,0,0,0,0,0,0,0,0,0,0,0,0,0,0,0,0,0,0,0,0,0,0,0,0,0,0,0,0,0,0,0,0,0
"ASV428",0,0,0,0,1,0,0,0,0,0,0,0,0,0,0,0,0,0,0,0,0,279,0,0,0,0,4,0,0,0,0,0,0,0,0,0,0,0,0,0,0,0,0,0,0,0,0,0,0,0,0,0,0,0,1,7,0,3,10,0,18,7,7,5,10,10,0,0,10,0,0,0,0,1,0,6,5,0,5,0,0,2,0,0,0,0,1,4,1,2,2,7,3,0,2,0,0,2,1,0,0,0,0,0,0,0,0,0,0,0,0,0,0,0,0,0,0,0,3,0,0,0,0
"ASV431",27,8,8,0,47,213,35,0,0,0,22,95,0,0,0,0,0,0,0,0,0,0,0,0,0,0,0,0,0,0,0,0,0,0,0,0,0,0,0,0,0,0,0,0,0,0,0,0,0,0,0,0,0,0,7,23,22,28,40,16,17,58,53,26,12,0,52,56,62,33,22,40,47,42,64,53,51,0,0,0,0,0,0,0,0,0,0,0,0,0,0,0,0,0,0,0,0,0,0,0,0,0,0,0,0,0,0,0,0,0,0,0,0,0,0,0,0,0,0,0,0,0,0
"ASV432",0,0,0,0,0,0,0,0,0,0,10,0,0,0,0,0,0,0,0,0,0,0,0,0,0,0,0,0,0,0,0,0,0,0,0,0,0,0,0,0,0,0,0,0,0,0,0,0,0,0,0,0,0,0,0,0,0,0,0,0,0,0,4,0,0,0,0,12,6,4,7,0,10,6,12,7,0,0,0,0,0,0,0,0,0,0,0,0,0,0,0,0,0,0,0,0,0,0,0,0,0,0,0,0,0,0,0,0,0,0,0,0,0,0,0,0,0,0,0,0,0,0,0
"ASV437",7,0,0,0,0,0,0,0,105,0,4,0,0,0,0,0,0,0,0,0,0,0,0,0,0,0,1,0,0,0,0,0,0,0,0,0,0,0,0,0,0,0,0,0,0,0,0,0,0,0,0,0,0,0,4,6,0,0,3,0,4,0,7,4,0,5,5,9,4,11,0,0,5,4,5,10,1,0,0,0,0,4,0,0,0,0,0,3,0,1,0,0,0,2,0,0,0,0,0,0,0,0,0,0,0,0,0,0,0,0,0,0,0,0,0,0,2,0,0,0,0,0,0
"ASV441",5,0,0,0,5,0,0,0,78,0,0,4,0,0,0,0,0,0,0,0,0,0,0,0,0,0,0,0,0,8,0,0,0,0,0,0,0,0,0,0,0,0,0,0,0,0,0,0,0,0,4,0,0,0,4,14,21,9,6,0,8,0,8,2,7,16,16,7,9,6,11,4,8,6,7,9,9,3,2,2,0,0,0,0,2,0,0,3,4,0,3,0,0,3,4,0,0,6,5,0,0,0,0,0,0,0,0,0,1,0,0,0,2,0,1,0,0,0,0,2,6,0,0
"ASV443",0,1,1,61,0,33,0,0,0,0,0,13,0,0,0,0,0,0,0,0,0,0,0,0,0,0,5,1,1,0,0,0,0,0,0,0,0,0,0,0,0,0,0,0,0,0,0,0,0,0,0,0,0,0,1,0,0,7,5,0,1,0,1,0,6,0,4,0,0,0,2,3,3,2,3,10,0,0,0,0,0,0,0,0,0,0,2,1,1,0,0,0,0,6,0,0,0,0,3,0,0,0,0,0,1,0,0,0,0,0,0,0,0,0,0,0,0,0,0,0,0,0,0
"ASV444",0,0,0,0,0,0,0,0,0,0,0,0,0,0,0,0,0,0,207,0,0,0,0,0,0,0,0,0,0,0,0,0,0,0,0,0,0,0,0,0,0,0,0,0,0,0,0,0,0,0,0,0,0,0,0,0,0,0,0,0,0,0,0,0,0,0,0,0,0,0,0,0,0,0,0,0,0,0,0,0,0,0,0,0,0,0,0,0,0,0,0,0,0,0,0,0,0,0,0,0,0,0,0,0,0,0,0,0,0,0,0,0,0,0,0,0,0,0,0,0,0,0,0
"ASV445",0,0,0,0,0,0,0,0,0,0,0,0,0,0,0,0,0,0,222,0,0,0,0,0,0,0,0,0,0,0,0,0,0,0,0,0,0,0,0,0,0,0,0,0,0,0,0,0,0,0,0,0,0,0,0,0,0,0,0,0,0,0,0,0,0,0,0,0,0,0,0,0,0,0,0,0,0,0,0,0,0,0,0,0,0,0,0,0,0,0,0,0,0,0,0,0,0,0,0,0,0,0,0,0,0,0,0,0,0,0,0,0,0,0,0,0,0,0,0,0,0,0,0
"ASV446",0,0,0,0,0,0,0,0,0,0,0,0,0,0,0,0,0,0,0,0,0,0,0,0,0,0,0,0,0,0,0,0,0,0,0,0,0,0,0,0,0,25,0,0,0,0,0,0,0,0,0,0,0,0,0,0,0,0,0,0,0,0,0,0,0,0,0,0,0,0,0,0,0,0,0,0,0,0,0,0,0,0,0,0,0,0,0,0,0,0,0,0,0,0,0,0,0,0,0,0,0,0,0,0,0,0,0,0,0,0,0,0,0,0,0,0,0,0,0,0,0,0,0
"ASV447",0,0,0,0,0,0,0,0,0,0,0,0,0,0,0,0,0,14,0,0,0,0,0,0,0,0,0,0,9,0,0,0,0,0,0,0,0,0,0,16,0,0,0,0,0,0,0,0,0,0,0,0,0,0,0,0,0,0,0,0,0,0,0,0,0,0,0,0,0,0,0,0,0,0,0,0,0,0,0,0,0,0,0,0,0,0,0,0,0,0,0,0,0,0,0,0,0,0,0,0,0,0,0,0,0,0,0,0,0,0,0,0,0,0,0,0,0,0,0,0,0,0,0
"ASV449",0,0,0,0,0,0,0,0,0,0,0,0,0,0,0,0,0,0,0,0,0,0,9,0,0,0,0,0,0,0,0,0,0,0,0,0,0,0,0,0,0,0,0,0,9,0,0,0,0,0,0,0,0,0,0,0,0,0,0,0,0,0,0,0,0,0,0,0,0,0,0,0,0,0,0,0,0,0,0,0,0,0,0,0,0,0,0,0,0,0,0,0,0,0,0,0,0,0,0,0,0,0,0,0,0,0,0,0,0,0,0,0,0,0,0,0,0,0,0,0,0,0,0
"ASV450",0,0,0,0,0,0,0,0,0,0,0,0,0,0,0,0,0,0,0,0,0,0,0,0,0,0,0,0,0,0,0,0,0,0,0,36,0,0,0,0,0,0,0,0,0,0,0,0,0,0,0,0,0,0,0,0,0,0,0,0,0,0,0,0,0,0,0,0,0,0,0,0,0,0,0,0,0,0,0,0,0,0,0,0,0,0,0,0,0,0,0,0,0,0,0,0,0,0,0,0,0,0,0,0,0,0,0,0,0,0,0,0,0,0,0,0,0,0,0,0,0,0,0
"ASV451",0,0,0,0,0,0,0,0,0,0,0,0,0,0,222,0,0,0,0,0,0,0,0,0,0,0,0,0,0,0,0,0,0,0,0,0,0,0,0,0,0,0,0,0,0,0,0,0,0,0,0,0,0,0,0,0,0,0,0,0,0,0,0,0,0,0,0,0,0,0,0,0,0,0,0,0,0,0,0,0,0,0,0,0,0,0,0,0,0,0,0,0,0,0,0,0,0,0,0,0,0,0,0,0,0,0,0,0,0,0,0,0,0,0,0,0,0,0,0,0,0,0,0
"ASV453",0,0,0,31,0,0,0,0,0,0,0,0,0,0,0,0,0,0,0,0,0,0,0,0,0,0,0,0,0,0,0,0,0,0,0,0,0,0,0,0,0,0,0,0,0,0,0,0,0,0,0,0,0,0,0,0,0,0,0,0,0,0,0,0,0,0,0,0,0,0,0,0,0,0,0,0,0,0,0,0,0,0,0,0,0,0,0,0,0,0,0,0,0,0,0,0,0,0,0,0,0,0,0,0,0,0,0,0,0,0,0,0,0,0,0,0,0,0,0,0,0,0,0
"ASV454",0,0,0,0,0,0,0,0,0,0,0,0,0,0,0,0,0,0,0,0,0,0,0,0,0,0,0,0,0,0,0,0,0,0,0,0,0,0,14,0,25,0,0,0,0,0,0,0,0,0,0,0,0,0,0,0,0,0,0,0,0,0,0,0,0,0,0,0,0,0,0,0,0,0,0,0,0,0,0,0,0,0,0,0,0,0,0,0,0,0,0,0,0,0,0,0,0,0,0,0,0,0,0,0,0,0,0,0,0,0,0,0,0,0,0,0,0,0,0,0,0,0,0
"ASV457",0,0,0,0,0,0,0,0,0,0,0,0,0,189,0,0,0,0,0,0,0,0,0,0,0,0,0,0,0,0,0,0,0,0,0,0,0,0,0,0,0,0,0,0,0,0,0,0,0,0,0,0,0,0,0,0,0,0,0,0,0,0,0,0,0,0,0,0,0,0,0,0,0,0,0,0,0,0,0,0,0,0,0,0,0,0,0,0,0,0,0,0,0,0,0,0,0,0,0,0,0,0,0,0,0,0,0,0,0,0,0,0,0,0,0,0,0,0,0,0,0,0,0
"ASV458",0,0,0,0,0,0,0,0,0,0,0,0,0,39,0,0,0,0,0,0,0,0,0,0,0,0,0,0,0,0,0,0,0,0,0,0,0,0,0,0,0,0,0,0,0,0,0,0,0,0,0,0,0,0,0,0,0,0,0,0,0,0,0,0,0,0,0,0,0,0,0,0,0,0,0,0,0,0,0,0,0,0,0,0,0,0,0,0,0,0,0,0,0,0,0,0,0,0,0,0,0,0,0,0,0,0,0,0,0,0,0,0,0,0,0,0,0,0,0,0,0,0,0
"ASV459",0,0,0,0,0,0,0,0,0,0,0,0,0,0,0,0,0,0,0,0,0,0,0,0,0,0,0,0,0,0,0,0,0,0,0,0,0,0,0,0,0,21,0,0,0,0,0,0,0,0,0,0,0,0,0,0,0,0,0,0,0,0,0,0,0,0,0,0,0,0,0,0,0,0,0,0,0,0,0,0,0,0,0,0,0,0,0,0,0,0,0,0,0,0,0,0,0,0,0,0,0,0,0,0,0,0,0,0,0,0,0,0,0,0,0,0,0,0,0,0,0,0,0
"ASV460",0,0,0,0,0,0,0,0,0,0,0,0,0,0,0,0,0,0,0,0,0,0,17,0,0,0,0,0,0,0,0,0,0,0,0,38,0,0,0,0,0,0,0,0,0,0,0,0,0,0,0,0,0,0,0,0,0,0,0,0,0,0,0,0,0,0,0,0,0,0,0,0,0,0,0,0,0,0,0,0,0,0,0,0,0,0,0,0,0,0,0,0,0,0,0,0,0,0,0,0,0,0,0,0,0,0,0,0,0,0,0,0,0,0,0,0,0,0,0,0,0,0,0
"ASV462",0,0,0,0,0,0,0,0,0,0,0,0,64,0,0,0,0,0,0,0,0,0,0,0,0,0,0,0,0,0,0,0,0,0,0,0,0,0,0,0,0,0,0,0,0,0,0,0,0,0,0,0,0,0,0,0,0,0,0,0,0,0,0,0,0,0,0,0,0,0,0,0,0,0,0,0,0,0,0,0,0,0,0,0,0,0,0,0,0,0,0,0,0,0,0,0,0,0,0,0,0,0,0,0,0,0,0,0,0,0,0,0,0,0,0,0,0,0,0,0,0,0,0
"ASV463",0,0,0,0,0,0,0,0,0,0,0,0,0,0,0,0,0,19,0,0,0,0,0,0,0,0,0,0,0,0,0,0,0,0,0,0,0,0,0,0,0,0,0,0,0,0,0,0,0,0,0,0,0,0,0,0,0,0,0,0,0,0,0,0,0,0,0,0,0,0,0,0,0,0,0,0,0,0,0,0,0,0,0,0,0,0,0,0,0,0,0,0,0,0,0,0,0,0,0,0,0,0,0,0,0,0,0,0,0,0,0,0,0,0,0,0,0,0,0,0,0,0,0
"ASV464",0,0,0,10,0,0,0,0,0,0,0,0,0,0,0,0,0,0,0,0,0,0,0,0,0,0,0,0,0,0,0,0,0,0,0,0,0,0,0,0,0,0,0,0,0,0,0,0,0,0,0,0,0,0,0,0,0,0,0,0,0,0,0,0,0,0,0,0,0,0,0,0,0,0,0,0,0,0,0,0,0,0,0,0,0,0,0,0,0,0,0,0,0,0,0,0,0,0,0,0,0,0,0,0,0,0,0,0,0,0,0,0,0,0,0,0,0,0,0,0,0,0,0
"ASV465",0,0,0,0,0,0,0,0,0,0,0,0,0,0,0,0,0,0,0,0,0,0,0,0,0,0,0,0,0,0,0,0,0,0,0,0,0,0,0,16,0,0,0,0,0,0,0,0,0,0,0,0,0,0,0,0,0,0,0,0,0,0,0,0,0,0,0,0,0,0,0,0,0,0,0,0,0,0,0,0,0,0,0,0,0,0,0,0,0,0,0,0,0,0,0,0,0,0,0,0,0,0,0,0,0,0,0,0,0,0,0,0,0,0,0,0,0,0,0,0,0,0,0
"ASV474",0,0,0,0,0,0,0,305,0,0,0,0,0,0,0,0,0,0,0,0,0,0,0,0,0,0,0,0,0,0,0,11,0,0,0,0,0,0,0,0,0,0,0,0,0,0,0,0,0,0,0,0,0,0,0,0,0,0,0,0,0,0,0,0,0,0,0,0,0,0,0,0,0,0,0,0,0,0,0,0,0,0,0,0,0,0,0,0,0,0,0,0,0,0,0,0,0,0,0,0,0,0,0,0,0,0,0,0,0,0,0,0,0,0,0,0,0,0,0,0,0,0,0
"ASV479",0,0,0,0,0,0,0,0,0,0,0,0,0,0,0,0,0,0,0,0,0,0,0,0,0,19,0,0,0,0,0,0,0,0,0,0,0,0,0,0,0,0,0,0,0,0,0,0,0,0,0,0,0,0,0,0,0,0,0,0,0,0,0,0,0,0,0,0,0,0,0,0,0,0,0,0,0,0,0,0,0,0,0,0,0,0,0,0,0,0,0,0,0,0,0,0,0,0,0,0,0,0,0,0,0,0,0,0,0,0,0,0,0,0,0,0,0,0,0,0,0,0,0
"ASV481",0,0,0,0,26,0,0,0,0,0,0,12,0,0,0,0,0,0,0,0,0,0,0,0,0,0,2,0,0,1,4,0,1,0,0,0,0,0,0,0,0,0,0,0,0,0,0,0,0,0,0,0,0,0,1,7,0,0,3,2,10,0,0,0,0,0,1,1,1,0,0,5,3,7,0,0,0,2,0,2,4,4,0,0,6,4,2,10,3,0,1,1,4,3,5,1,2,2,1,0,0,0,0,0,0,0,0,0,0,0,0,0,0,0,0,0,0,0,0,0,0,0,0
"ASV483",0,0,0,0,0,0,0,0,0,0,0,0,0,0,0,0,0,0,0,0,0,0,0,0,0,0,2,0,0,0,0,0,0,0,0,0,0,0,0,0,0,0,0,0,0,0,0,0,5,0,0,0,1,0,5,0,0,0,9,0,0,0,0,0,0,0,0,0,2,0,0,0,0,6,0,3,0,0,0,0,0,0,0,0,0,0,0,0,0,0,0,0,2,0,0,0,0,0,0,6,3,0,0,0,5,1,2,2,1,6,4,9,5,4,1,5,0,2,6,9,16,3,5
"ASV484",0,0,0,0,0,0,0,0,0,0,0,0,0,0,0,0,0,0,0,0,0,0,0,0,0,50,0,0,0,0,0,0,0,0,0,0,0,0,0,0,0,0,0,0,0,0,0,0,0,0,0,0,0,0,0,0,0,0,0,0,0,0,0,0,0,0,0,0,0,0,0,0,0,0,0,0,0,0,0,0,0,0,0,0,0,0,0,0,0,0,0,0,0,0,0,0,0,5,0,0,0,0,0,0,0,0,0,0,0,0,0,0,0,0,0,0,0,0,0,0,0,0,0
"ASV485",0,0,0,0,0,0,0,0,0,0,0,0,0,0,0,0,0,0,0,0,0,0,0,8,0,0,0,0,0,0,1,0,5,0,0,0,0,0,0,0,0,0,0,4,0,0,0,0,0,0,0,0,0,0,0,0,0,0,0,0,0,5,0,0,0,0,0,0,0,0,0,0,0,0,0,0,0,0,0,2,4,2,0,7,7,0,3,1,9,0,3,9,3,0,0,0,5,0,0,0,0,0,0,0,0,0,0,0,0,0,0,0,0,0,0,0,0,0,0,0,0,0,0
"ASV489",0,0,0,0,0,0,0,0,0,0,0,0,0,0,0,5,0,0,0,0,0,0,0,0,0,0,0,0,0,0,0,0,0,0,0,0,0,0,0,0,0,0,0,0,0,0,0,0,0,0,0,0,0,0,5,0,6,8,0,13,18,17,19,15,15,12,22,13,17,11,10,3,2,10,15,15,13,13,12,15,6,3,0,5,0,5,9,9,4,7,7,10,6,7,2,4,6,3,6,3,3,0,0,0,0,0,0,0,0,0,0,0,3,0,0,0,0,0,0,0,2,0,0
"ASV490",3,0,9,0,0,0,0,0,0,0,6,33,0,0,0,0,0,0,0,0,0,0,0,0,0,0,0,0,0,0,0,0,0,0,0,0,0,0,0,0,0,0,0,0,0,0,0,0,0,0,0,0,0,0,5,0,11,13,5,0,0,4,6,10,3,0,0,7,4,0,2,4,16,7,3,9,0,0,0,0,0,0,0,0,0,0,0,0,0,0,0,0,0,0,0,0,3,0,0,0,0,0,0,0,0,0,0,0,0,0,0,0,0,0,0,0,0,0,0,0,0,0,0
"ASV493",0,0,1,0,3,0,0,0,0,0,4,0,0,0,0,0,0,0,0,0,0,0,0,0,0,0,0,0,0,0,0,0,0,0,0,0,0,0,0,0,0,0,0,0,0,0,0,0,0,0,0,0,0,0,0,3,0,0,4,0,0,0,7,0,10,6,1,3,0,2,0,0,0,0,0,0,0,0,0,0,0,0,0,0,0,0,1,0,0,0,0,0,0,0,2,0,0,2,0,0,0,0,0,0,0,0,0,0,0,0,0,0,0,0,0,0,0,0,0,0,0,0,0
"ASV495",3,0,28,0,32,0,0,0,61,0,2,86,0,0,0,2,0,0,0,0,0,0,0,3,0,0,0,0,7,0,0,0,3,0,0,0,0,0,0,0,0,0,0,0,0,0,0,2,0,0,0,0,0,2,13,2,4,8,13,21,0,20,9,7,17,19,20,17,17,21,18,12,39,18,33,25,35,0,4,0,0,3,0,7,0,0,8,0,3,7,5,6,8,3,0,3,3,1,7,9,2,4,0,2,4,3,0,1,0,2,0,2,6,0,2,0,1,4,6,8,8,12,6
"ASV499",0,0,0,0,5,0,0,0,0,0,0,3,0,0,0,0,0,0,0,0,0,0,0,0,0,0,0,0,0,0,0,2,0,0,0,0,0,0,0,0,0,0,0,0,0,0,0,0,0,0,0,0,1,0,5,4,6,6,6,0,10,2,2,0,0,5,2,0,6,4,4,4,1,3,0,9,3,0,0,0,0,0,0,0,0,0,0,0,0,0,0,0,0,2,0,0,0,0,1,0,0,0,0,0,0,0,0,0,0,0,0,0,0,0,0,0,0,0,0,0,0,0,0
"ASV506",13,3,20,28,7,0,0,0,0,0,17,30,0,0,0,0,0,0,0,0,0,0,2,7,3,0,9,0,0,0,2,0,1,0,0,0,0,10,0,11,0,0,0,1,3,0,0,1,0,8,0,3,0,1,15,21,21,28,39,32,23,24,35,38,32,37,47,35,39,24,37,39,16,34,20,40,27,23,20,23,20,21,13,14,0,12,26,17,24,27,14,19,19,27,14,14,10,12,20,15,0,0,14,10,11,5,11,0,8,0,0,0,5,4,8,7,0,5,8,6,6,0,0
"ASV507",0,0,0,0,0,0,0,0,59,0,0,0,0,0,0,6,0,15,0,0,0,0,0,0,0,0,0,0,13,0,0,0,0,0,0,0,0,0,0,0,0,0,0,0,0,0,0,0,0,0,0,0,0,0,0,0,0,0,0,0,0,0,0,0,0,0,0,0,0,0,0,0,0,0,0,0,0,0,0,0,0,0,0,0,0,0,0,0,0,0,0,0,0,0,0,0,0,0,0,0,0,0,0,0,0,0,0,0,0,0,7,0,0,0,0,0,0,0,0,0,0,0,0
"ASV508",0,0,0,0,0,0,0,0,0,0,0,0,0,0,0,0,5,0,0,0,0,0,0,0,0,0,0,0,0,0,0,0,0,0,0,0,0,0,0,0,0,0,0,0,0,0,0,0,0,0,0,0,1,0,0,0,0,0,0,0,0,0,0,0,0,0,0,0,0,0,0,0,0,0,0,0,0,0,0,0,0,0,0,0,10,0,0,0,0,0,0,0,0,0,0,0,0,0,0,0,0,0,0,0,0,0,0,7,0,6,0,7,0,0,0,0,8,0,0,0,0,10,3
"ASV509",0,0,0,0,0,0,0,0,0,0,0,2,0,0,0,0,0,0,0,0,0,0,0,0,0,0,0,0,0,0,0,0,0,0,0,0,0,0,0,0,0,0,0,0,0,0,0,0,0,0,0,0,1,0,0,0,0,7,2,2,0,21,0,0,0,3,0,0,0,0,0,0,4,2,0,4,13,0,0,0,0,0,0,0,0,0,0,1,0,0,0,0,0,0,0,0,0,0,0,0,2,2,11,4,2,2,1,0,6,0,0,4,4,1,2,2,2,1,3,0,1,5,4
"ASV511",0,0,0,0,0,8,0,0,0,0,1,0,0,0,0,0,0,0,0,0,0,0,0,0,0,0,0,0,0,0,0,0,0,0,0,0,0,0,0,0,0,0,0,0,0,0,0,0,0,0,0,0,0,0,2,19,0,1,7,0,11,0,0,6,7,0,0,2,0,1,5,0,0,3,5,2,0,8,0,0,0,3,0,0,0,0,0,0,0,0,0,2,0,0,0,0,3,0,0,4,0,0,3,0,1,0,0,0,0,0,0,0,0,0,0,0,0,2,0,3,0,0,2
"ASV514",0,0,0,0,0,0,0,0,0,0,0,0,0,0,0,0,0,0,0,0,0,0,0,0,0,0,0,0,0,0,0,0,0,0,0,0,0,0,0,0,0,0,0,0,0,0,0,0,0,0,0,0,0,0,15,6,9,11,11,11,0,443,4,0,8,6,6,6,11,17,0,6,11,10,18,6,181,0,0,0,0,0,0,0,0,0,0,0,0,0,0,0,0,0,0,0,0,0,0,0,0,0,0,0,0,0,0,0,0,0,0,0,0,0,0,0,0,0,0,0,0,0,0
"ASV515",0,0,0,0,0,0,0,0,0,0,0,0,0,0,0,3,0,0,0,0,0,0,0,0,0,0,0,0,0,0,0,0,0,0,0,0,3,0,2,0,0,0,0,0,0,0,0,0,0,0,0,0,0,0,0,0,0,17,23,19,6,14,6,0,0,0,0,0,0,0,0,0,0,0,0,0,0,0,0,3,24,4,4,43,10,0,4,4,2,4,0,0,0,0,2,0,1,0,0,0,11,14,24,5,9,22,24,15,14,13,1,3,4,11,7,11,6,7,7,13,4,7,6
"ASV516",11,9,13,0,0,20,0,30,0,0,42,16,0,0,0,0,0,0,0,0,0,0,0,0,0,0,0,0,0,0,0,0,0,0,0,0,0,0,0,0,0,0,0,0,0,0,0,0,0,0,0,0,0,0,188,120,188,213,254,195,221,797,255,303,315,223,189,164,422,431,296,357,335,385,414,378,549,0,7,0,0,0,0,0,0,0,0,0,0,0,0,0,0,0,0,0,0,0,0,0,0,0,4,0,0,0,0,0,0,0,0,0,0,0,0,0,0,0,0,0,0,0,0
"ASV517",0,0,0,0,0,0,0,0,0,0,7,0,0,0,0,0,0,0,0,0,0,0,0,0,0,0,0,0,0,0,0,0,0,0,0,0,0,0,0,0,0,0,0,0,0,0,0,0,0,0,0,0,0,0,39,43,40,63,75,78,116,86,88,99,123,161,74,59,156,140,134,113,94,131,130,98,107,0,0,0,0,0,0,0,0,0,0,0,0,0,0,0,0,0,0,0,0,0,0,0,0,0,0,0,0,0,0,0,0,0,0,0,0,0,0,0,0,0,0,0,0,0,0
"ASV519",0,0,0,0,0,0,0,0,0,0,0,0,0,0,0,0,0,0,0,0,0,0,0,0,0,0,0,0,0,0,0,0,0,0,0,0,0,0,0,0,0,0,0,0,0,0,0,0,0,0,0,0,0,0,0,0,0,0,0,0,0,0,0,0,0,0,0,0,0,0,0,0,0,0,0,0,0,12,14,0,0,0,0,0,0,0,0,0,0,0,0,0,0,2,4,0,6,2,0,0,9,0,9,0,0,0,7,0,0,0,0,0,0,0,3,0,10,0,0,0,0,0,6
"ASV524",23,27,54,0,40,39,14,0,98,0,127,23,0,0,0,4,0,0,0,0,0,0,5,0,0,0,8,1,7,0,0,5,1,0,0,0,0,0,0,0,0,0,0,0,0,0,0,0,0,0,0,0,0,0,1857,1686,1743,2264,2072,2288,2256,1691,1800,1814,1815,1329,1420,1013,1501,1855,1620,1620,1573,1229,1840,1877,1375,64,72,88,111,118,63,91,103,75,97,69,72,51,57,71,79,266,138,119,111,83,100,85,21,20,16,19,14,6,13,0,4,0,4,0,9,6,7,6,11,6,8,8,9,13,4
"ASV527",0,0,0,0,0,37,16,0,0,0,0,0,0,0,0,0,0,0,0,0,0,0,0,0,0,0,0,0,0,0,0,0,0,0,0,0,0,0,0,0,0,0,0,0,0,0,0,0,0,0,0,0,0,0,96,77,103,88,94,118,127,99,103,100,118,99,115,90,99,117,145,91,57,77,87,108,82,0,0,0,0,0,0,0,0,0,0,0,0,0,0,0,0,0,0,0,0,0,0,0,0,0,0,0,0,0,0,7,0,8,0,0,0,0,0,0,0,0,0,0,0,0,0
"ASV528",3,1,0,0,1,10,8,0,0,0,12,0,0,0,0,15,9,12,0,0,13,0,5,14,16,22,5,11,10,3,7,21,12,0,0,0,0,0,0,0,0,0,0,0,5,0,0,2,9,0,1,0,1,0,5,8,9,19,12,14,6,17,13,18,14,8,11,16,11,6,16,11,17,9,15,11,31,49,56,58,58,51,81,48,74,55,43,42,48,29,37,34,50,4,22,36,46,49,28,38,9,12,14,13,7,3,6,9,10,2,39,19,12,10,5,5,10,6,9,9,5,8,9
"ASV529",0,0,0,0,0,0,0,0,0,0,0,0,0,0,0,0,0,0,0,0,0,0,0,0,0,0,0,0,0,0,0,0,0,0,0,7,0,0,0,0,0,0,0,0,0,0,0,0,0,0,0,0,0,0,0,0,0,0,0,0,0,0,0,0,0,0,0,0,0,0,0,0,0,0,0,0,0,0,0,0,0,0,0,0,0,0,0,0,0,0,0,0,0,0,0,0,0,0,0,0,0,0,0,0,0,0,0,0,0,0,0,0,0,0,0,0,0,0,0,0,0,0,0
"ASV531",0,0,0,0,0,0,0,0,0,0,0,0,0,0,0,0,0,0,0,0,0,0,0,0,0,0,0,0,0,0,0,0,0,0,0,37,0,0,0,0,0,0,0,0,0,0,0,0,0,0,0,0,0,0,0,0,0,0,0,0,0,0,0,0,0,0,0,0,0,0,0,0,0,0,0,0,0,0,0,0,0,0,0,0,0,0,0,0,0,0,0,0,0,0,0,0,0,0,0,0,0,0,0,0,0,0,0,0,0,0,0,0,0,0,0,0,0,0,0,0,0,0,0
"ASV532",0,0,0,0,0,0,0,0,0,0,0,0,0,0,0,0,0,0,0,0,0,0,0,0,0,0,0,0,0,0,0,0,0,0,0,15,0,0,0,0,0,0,0,0,0,0,0,0,0,0,0,0,0,0,0,0,0,0,0,0,0,0,0,0,0,0,0,0,0,0,0,0,0,0,0,0,0,0,0,0,0,0,0,0,0,0,0,0,0,0,0,0,0,0,0,0,0,0,0,0,0,0,0,0,0,0,0,0,0,0,0,0,0,0,0,0,0,0,0,0,0,0,0
"ASV533",0,0,0,0,0,0,0,0,82,0,0,0,0,0,0,0,0,0,0,0,0,0,0,0,0,0,0,0,0,0,0,0,0,0,0,0,0,0,0,0,23,0,0,0,0,0,0,0,0,0,0,0,0,0,0,0,0,0,0,0,0,0,0,0,0,0,0,0,0,0,0,0,0,0,0,0,0,0,0,0,0,0,0,0,0,0,0,0,0,0,0,0,0,0,0,0,0,0,0,0,0,0,0,0,0,0,0,0,0,0,0,0,0,0,0,0,0,0,0,0,0,0,0
"ASV534",0,0,0,0,0,0,0,0,0,0,0,0,0,0,0,0,0,0,0,0,0,0,0,0,17,0,0,0,0,0,0,0,0,0,0,0,0,0,0,0,0,0,0,0,0,0,0,0,0,0,0,0,0,0,0,0,0,0,0,0,0,0,0,0,0,0,0,0,0,0,0,0,0,0,0,0,0,0,0,0,0,0,0,0,0,0,0,0,0,0,0,0,0,0,0,0,0,0,0,0,0,0,0,0,0,0,0,0,0,0,0,0,0,0,0,0,0,0,0,0,0,0,0
"ASV536",676,800,637,400,448,495,429,75,578,0,605,560,645,0,0,385,271,218,0,203,183,642,159,179,217,181,206,104,120,173,233,93,164,155,0,261,370,377,332,209,303,282,170,227,248,242,359,393,322,384,386,455,512,323,2591,2644,2691,2413,2719,2364,2074,2203,2938,2864,2588,2423,2612,2412,2083,1962,1611,1726,1699,2198,1905,1923,2195,2211,1998,2190,2029,1901,1774,1697,1615,1805,1597,1694,1535,1389,1325,1457,1148,648,753,994,1454,1082,1312,1266,2954,2589,2239,2652,2545,2513,2235,2381,2203,2496,2257,2324,2170,2276,2040,2244,2241,2119,1758,2329,2230,2404,2238
"ASV541",0,0,0,0,0,0,0,0,0,0,0,0,0,0,0,0,0,0,70,0,0,0,18,0,0,0,0,0,0,0,0,6,0,0,0,0,3,0,0,9,0,0,0,0,0,14,0,4,15,43,2,3,1,5,13,4,19,11,27,14,29,43,19,15,28,14,18,22,12,43,22,19,11,17,38,32,25,103,92,156,52,86,59,120,190,96,87,97,98,45,53,59,58,21,38,63,57,40,65,24,103,90,216,124,120,121,190,113,145,141,492,152,127,127,113,83,110,114,218,187,112,34,29
"ASV542",0,0,0,0,0,0,0,0,0,0,0,0,0,0,0,0,0,12,0,0,0,0,0,0,0,0,0,0,0,0,0,0,0,0,0,0,0,0,0,22,0,0,0,0,0,0,0,0,0,0,0,0,0,0,28,12,12,7,11,21,27,41,7,22,19,13,11,11,23,31,8,15,22,19,37,30,13,78,72,92,27,33,17,93,162,78,53,85,59,36,32,23,24,4,18,33,30,15,14,15,56,84,132,40,65,76,143,100,66,85,510,100,76,67,51,41,46,45,68,56,24,19,14
"ASV555",0,0,0,0,0,0,0,0,0,0,0,0,0,0,0,0,0,0,0,0,0,0,0,0,0,0,0,0,0,0,0,0,0,0,0,0,0,0,0,0,0,0,0,0,0,0,0,0,0,0,0,0,0,0,7,7,0,10,13,11,19,12,9,4,5,21,4,15,5,1,11,7,0,3,12,5,15,5,18,10,5,8,0,18,7,8,4,6,6,7,7,5,3,0,1,3,3,3,12,2,0,5,0,0,0,7,0,5,0,4,17,0,0,0,2,2,0,0,0,3,0,2,2
"ASV556",0,0,0,0,0,0,0,0,0,0,0,0,0,0,0,0,0,0,0,0,0,0,0,0,0,0,0,0,0,0,0,0,0,0,0,0,0,0,0,0,0,0,0,0,0,0,0,0,0,0,0,0,0,0,0,0,3,0,0,0,0,0,0,0,0,0,0,0,0,0,0,0,11,0,0,0,0,0,0,0,0,0,0,0,0,0,0,0,0,0,0,0,0,4,0,0,0,0,0,0,12,0,8,3,7,0,5,0,12,0,6,0,0,5,0,0,0,0,6,0,0,0,0
"ASV560",0,0,0,0,0,0,0,0,0,0,0,0,0,0,0,0,0,0,0,0,0,0,0,0,0,0,0,0,0,0,0,0,0,0,0,0,0,0,0,0,0,0,0,0,0,0,0,0,0,0,0,0,0,0,0,0,2,0,0,0,0,0,0,0,0,2,0,0,0,0,0,0,0,0,0,0,0,0,0,0,0,3,0,0,0,0,0,0,0,0,0,0,0,0,5,0,0,0,0,0,9,0,0,0,0,4,0,0,0,0,6,0,3,0,0,4,0,0,5,0,0,0,0
"ASV562",0,0,0,0,0,0,0,0,0,0,0,0,0,0,0,0,0,0,0,0,0,0,0,0,0,0,0,0,0,0,0,0,0,0,0,0,0,0,0,0,0,0,0,0,0,0,0,0,0,0,0,0,0,0,2,2,0,6,7,10,18,0,7,0,8,0,0,0,4,0,3,10,0,0,9,0,0,0,0,0,0,4,0,0,0,0,0,0,0,0,0,0,5,0,0,0,0,0,0,0,0,0,0,3,0,0,5,0,4,0,7,0,5,0,0,0,0,0,0,0,5,2,0
"ASV563",0,0,0,0,0,0,0,0,0,0,0,0,0,0,0,0,0,0,0,0,0,0,0,0,0,0,0,0,0,0,0,0,0,0,0,0,0,0,0,0,0,0,0,0,0,0,0,0,0,0,0,0,0,0,0,0,0,0,0,0,0,0,0,0,0,0,0,0,0,2,5,0,0,0,0,0,0,0,11,13,6,0,0,4,0,2,0,5,0,10,0,0,0,0,0,5,0,1,5,4,0,0,0,0,4,4,0,10,0,0,15,0,5,7,3,0,0,0,0,0,0,0,0
"ASV571",0,0,0,0,0,0,0,0,0,0,0,0,0,0,0,0,0,0,0,0,0,0,0,0,0,0,0,0,0,0,0,0,0,0,0,0,0,0,0,0,0,0,0,0,0,0,0,0,0,2,0,0,0,0,0,0,0,0,0,0,0,0,0,16,0,10,0,0,0,0,0,0,0,0,0,0,9,0,0,0,0,0,10,0,0,0,0,0,0,0,0,0,13,0,0,0,0,0,0,0,2,0,0,0,0,0,0,0,0,0,0,0,0,0,0,0,2,0,0,0,0,0,0
"ASV572",0,0,0,0,0,0,0,0,0,0,0,0,0,0,0,0,0,0,0,0,0,0,0,0,0,0,0,0,0,0,0,0,0,0,0,0,0,0,0,0,0,0,0,0,0,0,0,0,0,0,0,0,0,0,10,0,7,2,0,4,0,10,0,0,0,8,5,2,0,9,0,4,0,0,0,12,0,15,5,13,15,9,0,9,0,7,0,6,12,0,4,0,0,0,3,0,11,0,0,0,0,4,4,13,1,5,5,6,5,2,4,8,6,0,2,0,0,0,0,0,9,5,3
"ASV573",0,0,0,0,0,0,0,0,0,0,0,0,0,0,0,0,0,0,0,0,0,0,0,0,0,0,0,0,0,0,0,0,0,0,0,0,0,0,0,0,0,0,0,0,0,0,0,0,0,0,0,0,0,0,0,0,0,0,0,0,0,0,0,0,0,0,0,0,0,0,0,0,0,0,0,0,0,0,24,9,0,8,0,0,0,0,14,5,0,10,0,0,0,0,0,9,9,4,5,7,0,0,0,0,0,0,0,0,0,0,0,0,0,0,0,0,0,0,0,0,0,0,0
"ASV574",0,0,0,0,0,0,0,0,0,0,0,0,0,0,0,0,0,0,0,0,0,0,0,0,0,0,0,0,0,0,0,0,0,0,0,0,0,0,0,0,0,0,0,0,0,0,0,0,0,0,0,0,0,0,0,4,6,6,0,13,3,0,6,0,5,0,5,3,5,0,13,6,6,4,10,0,0,0,0,0,0,0,0,0,0,0,0,0,0,0,0,8,0,0,2,0,0,0,0,0,0,0,0,0,0,0,0,0,0,0,0,0,0,0,0,0,0,4,0,5,3,0,0
"ASV580",0,0,0,0,0,0,0,0,0,0,0,0,0,0,0,0,0,0,0,0,0,0,0,0,0,0,0,0,0,0,0,0,0,0,0,0,0,0,0,0,0,0,0,0,0,0,0,0,0,0,0,0,0,0,6,0,0,2,0,4,3,0,0,4,0,0,3,5,0,0,0,0,5,2,3,0,9,0,0,5,6,0,0,0,0,0,4,0,0,3,0,1,0,17,0,0,0,0,0,0,2,9,3,2,0,1,2,0,2,1,0,0,0,2,2,9,4,0,5,0,0,2,4
"ASV586",0,0,0,0,0,0,0,0,0,0,0,0,0,0,0,0,0,0,0,0,0,0,0,0,0,0,0,0,0,0,0,0,0,0,0,32,0,0,0,0,0,0,0,0,0,0,0,0,0,0,0,3,0,0,0,0,0,0,0,0,0,0,0,0,0,0,0,0,0,0,0,0,0,0,0,0,0,21,35,32,15,32,21,18,26,25,47,28,16,13,13,14,11,13,13,7,18,3,6,14,31,10,12,35,28,23,9,19,28,43,17,21,24,20,30,20,21,35,19,30,19,28,11
"ASV587",0,0,0,0,0,7,0,0,0,0,0,0,0,0,0,0,0,0,0,0,0,0,0,0,0,0,0,0,0,0,0,0,0,0,0,0,0,0,0,0,0,0,0,0,0,0,0,0,0,0,0,2,0,0,0,10,0,13,0,0,15,11,0,0,0,7,9,0,0,0,0,0,0,0,9,0,14,10,6,0,0,9,0,0,0,0,4,6,0,5,0,0,0,0,0,10,0,0,12,0,0,0,9,0,0,5,0,0,0,0,14,10,0,4,6,0,0,0,0,5,0,0,0
"ASV589",0,0,0,0,0,0,0,0,0,0,5,0,0,0,0,0,0,0,0,0,0,0,0,0,0,0,0,0,0,0,0,0,3,0,0,0,0,0,0,0,0,0,0,0,0,0,0,0,0,0,1,0,0,1,0,0,6,0,17,16,0,0,9,9,9,0,7,4,9,15,0,12,14,0,8,0,0,17,26,24,12,17,0,0,14,16,0,8,0,12,18,20,10,54,19,14,31,17,0,16,0,16,21,8,13,17,10,11,14,15,26,10,12,0,0,15,23,0,8,8,13,6,0
"ASV590",0,0,0,0,0,0,0,0,0,0,0,0,0,0,0,0,0,0,0,0,0,0,0,0,0,0,0,0,0,0,0,0,0,0,0,0,0,0,0,0,0,0,0,0,0,0,0,0,0,0,0,0,3,0,16,0,0,0,0,0,0,0,0,0,0,0,0,0,0,0,10,0,0,8,0,12,0,0,0,0,0,0,0,13,0,0,20,0,0,0,0,0,0,0,0,0,0,0,0,0,17,0,16,0,0,0,0,6,0,0,0,0,0,12,9,0,0,0,0,0,0,0,4
"ASV596",0,0,0,0,0,0,0,0,0,0,0,0,0,0,0,0,0,0,0,0,0,0,0,0,0,0,0,0,0,0,0,0,0,0,0,0,0,0,0,0,0,0,0,0,0,0,0,0,0,0,0,0,0,0,2,0,0,0,0,0,0,0,0,0,0,0,4,0,0,0,0,0,0,0,0,6,4,5,8,4,2,2,3,9,5,3,2,7,4,2,5,0,0,0,3,4,2,2,0,7,0,2,2,0,1,5,4,4,2,2,35,2,1,3,0,0,0,3,2,0,0,0,0
"ASV601",0,0,0,0,0,0,0,0,0,0,0,0,0,0,0,0,0,0,0,0,0,0,0,0,0,0,0,0,0,0,0,0,0,0,0,0,0,0,0,0,0,0,0,0,0,0,0,0,0,0,0,0,0,0,0,0,0,0,0,0,0,0,0,0,0,0,0,0,0,0,0,0,0,0,0,0,0,0,0,0,0,8,0,0,0,0,0,0,8,0,0,0,0,0,0,0,10,0,0,0,0,0,10,0,0,0,0,0,0,0,6,0,0,0,0,0,0,0,0,0,0,0,7
"ASV610",18,36,26,7,20,33,0,0,0,0,9,12,0,0,0,0,0,0,0,0,0,0,0,0,0,0,0,0,0,0,0,0,0,0,0,0,0,0,0,0,0,0,0,0,0,0,0,0,0,0,0,0,0,0,75,81,106,93,63,119,73,94,90,97,72,78,93,85,64,89,89,79,79,76,92,64,103,0,0,0,0,0,0,0,0,0,0,0,0,0,0,0,0,0,0,0,0,0,0,0,0,0,0,0,0,0,0,0,0,0,0,0,0,0,0,0,0,0,0,0,0,0,0
"ASV611",8,8,4,36,0,0,0,0,0,0,10,6,0,0,0,18,0,0,0,0,7,0,13,7,5,0,16,2,10,0,1,7,0,0,0,12,2,0,0,0,56,0,0,0,0,0,0,0,0,1,0,2,1,1,16,33,32,31,30,27,20,31,30,27,24,61,35,42,38,28,19,15,25,34,29,17,34,71,69,54,47,42,60,51,51,36,41,52,43,64,14,34,42,23,14,32,33,45,26,38,13,12,8,6,8,16,5,14,10,8,10,10,14,4,12,14,9,9,12,8,0,13,6
"ASV612",34,21,7,67,24,0,0,0,10,0,17,3,0,0,0,6,0,4,0,0,0,0,0,0,0,0,60,0,0,10,5,4,3,0,0,0,0,0,0,0,0,0,0,4,0,0,1,0,2,0,1,2,1,0,103,83,93,91,112,87,81,94,92,87,106,72,78,94,79,91,124,88,90,95,107,94,94,38,41,48,50,38,40,44,28,53,54,31,31,17,25,46,42,203,34,35,23,40,30,25,28,26,26,8,18,17,13,21,20,26,30,26,26,23,19,25,14,16,28,14,21,19,16
"ASV616",0,0,7,0,9,0,23,0,0,0,0,0,0,0,0,0,0,0,0,0,0,0,0,0,0,0,0,0,0,0,0,0,0,0,0,0,0,0,0,0,0,0,0,0,0,0,0,0,0,0,0,0,0,0,0,0,0,0,0,0,0,0,0,0,0,0,0,0,0,0,0,0,0,0,0,0,0,0,0,0,0,0,0,0,0,0,0,0,0,0,0,0,0,0,0,0,0,0,0,0,0,0,0,0,0,0,0,0,0,0,0,0,0,0,0,0,0,0,0,0,0,0,0
"ASV617",18,30,19,15,0,18,15,0,27,0,24,21,0,191,0,24,7,19,0,0,9,0,4,19,2,0,6,10,8,6,13,0,1,0,0,13,10,20,11,0,28,0,0,2,0,2,4,3,8,37,11,7,2,3,249,225,219,231,156,137,129,156,133,264,155,158,176,124,201,128,116,204,150,379,197,182,199,263,246,197,148,151,128,134,111,124,134,207,131,88,92,102,90,33,83,130,113,106,89,83,245,138,116,117,104,151,136,95,89,79,65,50,71,84,62,50,36,61,207,64,70,46,39
"ASV618",0,0,0,0,0,0,0,0,0,0,0,0,0,0,0,0,0,0,0,35,0,0,0,0,0,0,0,0,0,0,0,0,0,0,0,0,0,0,0,0,0,0,0,0,0,0,0,0,0,0,0,0,0,0,0,0,0,0,0,0,0,0,0,0,0,0,0,0,0,0,0,0,0,0,0,0,0,0,0,0,0,0,0,0,0,0,0,0,0,0,0,0,0,0,0,0,0,0,0,0,0,0,0,0,0,0,0,0,0,0,0,0,0,0,0,0,0,0,0,0,0,0,0
"ASV619",0,0,0,0,0,0,0,0,0,0,0,0,0,83,0,0,0,0,0,0,0,0,0,0,0,0,0,0,0,0,0,0,0,0,0,0,0,0,0,0,0,0,0,0,0,0,0,0,0,0,0,0,0,0,0,0,0,0,0,0,0,0,0,0,0,0,0,0,0,0,0,0,0,0,0,0,0,0,0,0,0,0,0,0,0,0,0,0,0,0,0,0,0,0,0,0,0,0,0,0,0,0,0,0,0,0,0,0,0,0,0,0,0,0,0,0,0,0,0,0,0,0,0
"ASV620",0,0,0,0,0,0,10,0,0,0,4,0,0,0,0,0,0,0,0,0,0,0,0,0,0,0,4,0,0,0,2,0,0,0,0,0,0,0,0,0,0,0,0,0,0,0,0,0,0,0,0,0,0,0,0,0,0,0,0,12,0,0,0,0,0,17,0,7,0,0,0,0,9,0,0,0,0,0,0,37,0,0,0,0,0,21,0,0,0,0,0,0,0,24,0,0,0,0,0,0,0,0,0,0,0,0,0,0,0,0,16,0,0,0,0,0,0,0,0,0,0,0,0
"ASV622",0,0,0,0,0,0,0,0,0,0,0,0,0,0,0,2,0,16,0,0,0,0,0,0,0,13,0,0,0,0,0,0,0,0,0,0,3,0,0,0,0,0,0,0,4,3,5,3,0,0,1,2,3,0,10,0,9,0,0,0,0,0,7,4,6,0,0,0,17,11,7,9,0,20,10,6,0,31,26,0,14,19,23,23,20,0,12,26,14,9,27,12,0,0,14,11,15,10,11,7,37,29,24,23,12,11,10,9,15,7,33,19,3,13,3,10,15,0,21,4,5,4,6
"ASV623",0,0,0,0,0,0,0,0,0,0,0,0,0,0,0,0,0,0,0,0,0,0,0,0,0,0,0,0,0,0,0,0,0,0,0,0,0,0,0,0,0,0,0,0,0,0,0,0,0,0,0,0,0,0,0,5,12,4,0,8,0,0,0,8,0,0,6,0,0,6,6,8,0,0,0,17,6,0,0,0,0,0,0,0,0,0,0,0,0,0,0,0,5,0,0,0,0,0,0,0,0,0,0,0,0,0,0,0,0,0,0,0,5,0,0,0,0,0,0,0,0,0,0
"ASV627",25,38,37,76,27,58,22,0,0,1502,53,49,0,0,0,84,151,106,0,117,20,0,27,16,74,107,13,33,6,26,56,59,21,0,0,3,31,62,43,21,6,0,0,1,15,3,97,21,37,80,40,56,70,52,188,276,233,211,165,189,290,200,221,220,259,284,378,356,278,361,417,379,370,391,360,393,331,518,546,563,640,579,432,500,720,527,459,611,653,660,590,726,666,105,359,527,630,514,624,849,475,216,298,384,413,310,309,403,300,304,420,455,486,479,376,459,434,550,350,545,375,581,512
"ASV631",0,0,0,0,0,0,0,0,0,0,0,0,0,0,0,0,0,0,0,0,0,0,0,0,0,0,0,0,0,0,0,0,0,0,0,0,0,0,0,0,0,0,0,0,0,0,0,0,0,0,0,0,0,0,0,0,0,3,0,0,5,0,0,0,0,3,0,0,0,0,6,2,2,0,0,0,0,0,0,0,0,1,0,0,0,0,0,0,0,0,0,0,0,0,0,0,0,1,0,0,2,0,2,0,2,1,0,0,0,1,5,0,0,0,1,0,2,0,0,2,0,0,0
"ASV636",0,0,0,0,0,0,0,0,0,0,0,0,0,0,0,0,0,0,0,0,0,0,0,0,0,0,1,0,0,0,0,0,0,0,0,0,0,0,0,0,0,0,0,0,0,0,0,0,0,0,0,0,1,0,0,0,0,2,0,0,0,0,0,0,0,0,0,2,0,0,0,0,0,0,0,2,0,2,0,0,0,3,0,0,0,0,2,0,0,0,2,0,2,0,0,0,0,0,0,0,3,4,0,0,0,0,0,0,1,0,0,0,0,4,0,0,0,0,2,0,0,0,5
"ASV637",0,0,0,0,0,0,0,0,0,0,0,0,0,0,0,0,0,0,0,0,0,0,0,0,0,0,0,0,0,0,0,0,0,0,0,0,0,0,0,0,0,0,0,0,0,0,1,0,0,0,0,0,1,0,2,0,2,0,7,0,0,0,5,0,1,3,2,0,0,2,0,0,0,0,2,0,0,0,0,5,0,0,0,0,0,2,0,0,0,0,0,2,0,0,0,0,0,0,2,0,6,0,0,6,3,10,9,4,0,6,0,3,0,5,7,8,5,2,3,4,5,0,0
"ASV639",0,0,0,0,0,0,0,0,0,0,0,0,0,0,0,0,0,0,0,0,0,0,0,0,0,0,0,0,0,0,0,0,0,0,0,0,0,0,0,0,0,0,0,0,0,0,0,0,1,0,0,0,0,0,2,0,5,7,7,5,0,0,4,0,4,2,4,4,3,1,5,3,4,1,2,6,3,0,3,0,0,3,0,4,0,0,2,0,0,1,3,0,0,3,1,0,0,1,0,0,1,1,0,3,1,2,0,0,1,0,0,0,3,2,2,7,0,4,0,4,2,0,0
"ASV648",0,0,0,0,0,0,0,0,0,0,0,0,0,0,0,0,0,0,0,0,0,0,0,0,0,0,0,0,0,0,0,0,0,0,0,0,0,0,0,0,0,0,0,0,0,0,0,0,0,0,0,0,0,0,0,0,0,0,0,0,0,0,0,0,0,0,0,0,0,0,0,0,0,0,0,0,0,0,0,3,2,0,0,2,5,0,0,0,0,1,0,0,0,0,1,3,0,1,0,0,6,4,8,3,1,0,0,0,0,3,3,0,0,0,1,3,2,0,0,0,0,0,0
"ASV651",60,21,89,0,108,55,80,0,54,0,54,15,0,0,0,1,0,35,0,0,7,0,0,0,0,0,56,0,49,0,15,0,4,0,0,0,0,0,0,0,0,0,0,13,0,0,0,3,1,0,2,4,0,2,118,109,138,123,138,77,108,65,104,102,117,147,89,131,140,103,84,104,142,112,93,88,74,13,5,16,9,13,4,13,9,14,6,9,7,7,8,9,5,34,5,6,4,5,9,4,0,0,3,0,0,4,0,5,0,0,4,3,0,0,4,0,5,0,2,4,2,0,1
"ASV654",2,10,4,0,2,0,0,0,0,0,1,1,0,0,0,0,0,0,0,0,0,0,0,0,0,0,0,0,16,0,0,0,1,0,0,0,1,0,0,0,0,0,0,1,0,0,0,0,0,6,0,2,0,1,18,21,21,23,28,12,54,17,7,12,10,20,8,9,9,4,4,4,1,8,5,4,9,5,0,0,3,7,0,2,7,5,5,5,6,4,2,7,2,0,0,2,2,2,0,1,3,1,0,3,0,3,0,0,1,2,0,0,0,0,1,2,3,3,0,0,0,0,3
"ASV660",28,78,51,0,26,43,16,0,0,0,45,26,0,0,0,100,213,151,0,0,26,0,17,33,81,0,96,118,196,90,54,107,43,883,0,89,269,206,294,119,41,0,54,56,86,174,247,139,250,199,295,177,234,176,224,198,161,158,188,193,191,179,156,104,110,107,116,61,92,70,192,103,128,146,133,119,106,739,671,678,554,483,318,422,299,318,543,330,286,369,332,522,391,221,436,519,556,337,374,269,892,902,1056,961,1170,925,740,749,677,606,706,652,742,779,818,833,856,866,747,1245,1044,754,646
"ASV666",0,0,0,0,0,0,0,0,0,0,0,0,0,0,0,0,0,0,0,0,0,0,0,2,0,0,0,0,0,0,0,0,0,0,0,0,0,0,0,0,0,0,0,0,0,0,0,0,2,0,0,0,0,0,0,0,0,2,0,0,0,0,0,0,0,0,0,0,0,3,2,6,0,2,0,0,0,0,0,0,0,5,0,0,1,0,0,1,0,2,0,0,0,0,0,0,0,0,0,1,0,0,0,0,0,0,0,0,1,3,0,0,2,0,0,0,3,0,0,0,0,0,0
"ASV671",0,0,0,0,0,0,0,0,0,0,0,6,0,0,0,0,0,0,0,0,0,0,0,0,0,0,0,0,0,0,0,0,0,0,0,0,0,0,0,0,0,0,0,0,0,0,0,0,0,0,0,0,0,0,3,6,4,9,3,1,9,4,2,3,4,3,16,12,12,6,10,3,0,15,9,13,13,6,3,0,4,2,0,3,0,0,0,0,0,1,1,0,0,0,1,0,0,4,3,3,0,0,0,0,0,0,0,0,0,0,0,0,0,2,0,0,0,0,1,0,0,0,0
"ASV706",0,0,0,0,0,0,0,0,0,0,0,0,0,0,0,1,0,15,0,0,0,0,0,0,0,0,0,0,0,0,0,0,0,0,0,0,0,0,0,0,0,0,0,0,0,0,0,0,0,0,0,0,0,0,0,0,0,0,0,0,0,0,0,0,0,0,0,0,0,0,0,0,0,0,0,0,0,0,0,0,0,0,0,0,0,0,0,0,0,0,0,0,0,0,0,0,0,0,0,0,0,0,0,0,0,0,0,0,0,0,0,0,0,0,0,0,0,0,0,0,0,0,0
"ASV707",0,0,2,0,0,0,0,0,0,0,1,0,0,0,0,0,0,0,0,0,0,0,0,0,0,0,13,0,0,0,0,0,0,0,0,0,0,0,0,0,0,0,6,3,0,0,0,0,0,0,0,0,1,0,0,2,0,5,5,0,6,0,0,0,5,5,0,3,4,0,0,0,4,3,6,0,0,0,0,0,0,0,0,3,0,0,0,1,0,0,0,0,0,0,0,0,0,0,0,0,0,0,0,0,0,0,0,0,0,0,0,0,0,0,0,0,0,0,0,0,0,0,0
"ASV708",3,5,8,0,7,11,0,0,0,0,9,17,0,0,0,2,2,1,0,0,0,0,2,1,4,6,17,5,3,5,5,3,5,56,0,15,2,2,4,11,1,14,4,1,1,2,2,1,4,2,3,1,0,3,20,24,28,17,24,19,38,12,19,24,27,31,20,25,32,10,13,11,14,14,21,14,13,13,12,10,15,18,24,32,20,18,22,26,19,28,21,12,15,10,5,9,5,14,10,17,8,6,15,12,12,11,15,4,17,11,11,13,5,6,7,10,6,5,13,6,4,15,7
"ASV710",15,0,14,25,0,0,0,0,0,0,20,11,0,0,0,0,0,0,0,0,0,0,0,0,0,0,10,0,0,0,0,0,0,0,0,0,0,0,0,0,0,0,0,0,0,0,0,0,0,0,0,0,0,0,12,17,12,17,19,7,30,16,14,11,22,11,13,49,25,1,9,1,3,9,17,10,14,3,2,0,0,0,4,3,0,0,0,0,0,0,0,4,0,10,2,2,0,0,3,0,0,0,0,0,0,0,0,0,0,0,0,0,0,2,0,0,0,0,0,0,0,0,0
"ASV711",0,0,0,0,0,0,0,0,0,0,0,0,0,0,0,0,0,0,0,0,0,0,0,0,0,0,0,0,0,0,0,0,0,0,0,0,0,0,0,0,0,0,0,0,0,0,0,0,0,0,0,0,0,0,15,16,9,21,0,7,25,6,3,5,11,19,5,13,7,14,5,5,5,5,4,7,20,34,28,26,19,27,36,16,18,25,20,9,26,25,28,11,21,11,13,8,14,28,6,37,0,0,2,4,4,1,0,0,1,0,4,0,7,4,9,2,3,3,2,5,1,1,1
"ASV716",0,0,0,0,0,0,46,0,0,0,0,0,0,0,0,0,0,0,0,0,0,0,0,0,0,0,0,0,0,18,0,0,0,0,0,0,0,0,0,0,0,0,0,0,0,0,0,0,0,0,0,0,0,0,0,3,1,0,8,0,0,0,0,4,0,4,0,0,7,0,0,0,0,0,4,0,0,3,4,2,8,0,0,6,0,0,0,0,0,4,0,0,0,0,0,0,1,4,7,0,0,0,0,0,0,0,0,0,0,0,0,0,0,0,0,0,0,0,0,0,0,0,0
"ASV721",0,0,0,0,0,0,0,0,0,0,0,2,0,0,0,0,0,0,0,0,0,0,0,0,0,0,1,2,0,0,0,0,1,0,0,0,0,0,0,0,0,0,0,0,0,0,0,0,0,0,0,0,0,0,0,2,0,0,0,3,0,0,0,0,8,0,0,0,0,0,0,0,3,0,3,0,0,0,0,0,0,0,4,3,2,0,0,4,0,2,0,3,0,0,0,1,0,0,1,1,0,0,0,0,0,0,0,0,0,0,0,0,0,0,0,0,0,0,0,0,0,0,0
"ASV724",0,0,0,0,0,0,0,0,0,0,0,0,0,0,0,0,0,0,0,0,0,0,4,0,0,0,1,0,0,0,1,0,0,0,0,34,0,0,0,0,0,0,0,0,0,0,3,0,0,0,0,0,0,0,0,0,0,0,0,2,0,0,0,0,0,0,0,0,0,0,0,0,0,0,0,0,0,0,3,4,3,9,0,4,0,2,0,0,0,0,3,0,0,0,2,1,1,0,0,2,0,2,0,2,3,0,1,3,4,4,4,0,2,0,5,2,4,1,2,0,1,4,3
"ASV726",0,0,1,0,0,0,0,0,0,0,0,0,0,0,0,2,0,2,0,0,0,0,8,3,3,0,0,1,0,0,1,4,0,0,0,0,2,0,3,0,0,0,0,0,0,0,2,0,0,0,0,3,0,0,0,1,0,1,2,0,0,0,0,1,0,0,0,0,0,0,0,0,0,4,0,0,0,8,8,6,6,5,14,13,13,7,2,7,10,2,5,2,9,3,7,3,2,6,3,2,0,1,0,5,1,3,2,0,1,0,0,0,0,2,2,2,3,0,3,0,2,2,2
"ASV728",0,0,0,0,0,0,0,0,0,0,0,0,0,0,0,0,0,0,0,0,0,0,0,0,0,0,0,0,0,0,0,0,0,0,0,0,0,0,0,0,0,0,0,0,0,0,0,0,0,0,0,0,0,0,8,8,4,7,14,11,7,6,14,5,3,0,6,4,12,7,4,8,13,5,7,4,3,0,5,0,0,0,0,2,4,4,1,1,3,4,2,7,0,0,1,0,2,2,1,0,0,0,0,2,1,0,0,4,1,3,0,3,3,0,0,0,3,2,0,0,3,2,0
"ASV731",0,0,0,0,0,0,0,0,0,0,0,0,0,0,0,0,0,0,0,0,0,0,0,0,0,0,0,0,0,0,0,0,0,0,0,0,0,0,0,0,0,0,0,0,0,0,0,0,0,0,0,0,0,0,6,6,5,9,6,8,6,3,8,18,4,11,8,5,4,8,2,5,5,1,9,2,4,0,1,2,3,0,0,0,0,0,0,3,0,5,0,0,0,4,1,0,0,2,2,0,0,0,0,0,0,0,0,0,0,0,0,0,0,0,0,0,0,0,0,0,0,0,0
"ASV734",0,0,0,0,0,0,0,0,0,0,0,0,0,0,0,0,0,0,0,0,0,0,0,0,0,0,0,0,0,0,0,0,0,0,0,0,0,0,0,0,0,0,0,0,0,0,0,0,0,0,0,0,0,0,8,4,9,6,0,11,8,5,12,6,6,1,7,4,5,8,4,6,7,4,4,6,7,0,0,0,0,0,2,0,0,0,0,0,5,5,6,0,2,5,1,4,2,6,2,4,0,0,0,0,0,0,0,0,0,0,0,0,0,0,0,0,0,0,0,0,0,0,0
"ASV735",0,0,0,0,0,0,0,0,0,0,0,0,0,0,0,0,0,0,0,2,0,0,0,0,0,0,0,0,0,0,0,0,0,0,0,0,0,0,0,0,0,0,0,0,0,0,0,0,0,0,0,0,0,0,27,23,20,19,11,0,47,7,7,15,10,11,0,11,12,16,9,0,4,8,15,10,14,14,8,3,7,6,14,13,8,6,8,0,6,12,4,0,2,7,4,0,0,8,4,0,6,5,0,0,2,6,3,4,2,6,2,0,1,4,6,6,9,5,2,0,4,5,4
"ASV750",0,0,0,0,0,0,0,0,0,0,0,0,0,0,0,0,0,0,0,0,0,0,0,0,0,0,0,0,0,0,0,0,0,0,0,0,0,0,0,0,0,0,0,0,0,0,0,0,0,0,0,0,0,0,8,0,0,0,0,0,0,0,0,0,0,0,0,0,4,0,0,0,0,0,0,0,0,0,6,0,0,0,0,0,0,0,0,0,0,0,0,0,4,0,0,0,0,0,0,0,0,4,0,0,0,8,0,0,4,0,0,6,0,4,0,0,0,0,0,0,0,0,0
"ASV753",0,0,0,0,0,0,0,0,0,0,0,0,0,0,0,0,0,0,0,0,0,0,0,0,0,0,0,0,0,0,0,0,0,0,0,0,0,0,0,0,0,0,0,0,0,0,0,0,0,0,0,0,0,0,0,0,11,13,0,0,16,0,0,0,0,0,0,0,0,0,0,0,0,10,0,7,0,10,0,0,0,0,0,6,0,0,0,0,0,0,0,0,0,3,0,0,0,0,0,0,0,0,0,5,0,0,0,0,0,5,2,0,0,0,0,3,0,0,0,0,0,0,0
"ASV762",0,0,3,0,11,0,0,0,0,0,0,7,0,0,0,0,0,0,0,0,0,0,0,0,0,0,1,0,0,0,0,0,0,0,0,0,0,0,0,0,0,0,0,0,0,0,0,0,0,0,0,0,0,0,5,5,0,12,2,2,3,0,6,2,1,27,2,6,0,1,5,0,4,0,0,1,5,3,3,0,0,1,0,0,0,0,0,2,0,0,0,0,0,0,1,0,0,2,4,0,0,2,0,0,0,0,0,0,0,0,0,0,0,0,3,0,0,0,0,0,0,0,0
"ASV766",27,56,40,124,5,86,51,0,0,0,29,34,0,0,0,36,0,51,0,0,0,0,16,21,20,0,129,15,32,7,22,15,4,0,0,19,0,0,0,0,38,0,0,2,12,17,28,14,27,11,18,13,24,35,291,227,360,332,304,281,381,172,217,118,262,315,402,384,262,244,219,147,268,190,177,237,277,117,91,70,94,70,33,94,79,86,93,120,88,99,62,67,68,336,58,77,64,47,55,81,131,103,227,164,142,107,108,82,96,83,139,117,87,157,173,137,134,96,84,117,106,72,53
